id,created_at,shop_id,stars,content,reviewDate,experienceDate,author,order,product_id,img
2,2024-01-18,3,4,"Le d√©froisseur portatif fait des merveilles sur mes chemises. Compact et pratique. Commande facile sur le site, service client r√©actif quand j'ai eu une question.","2024-01-18","2024-01-16","Thomas D.",1002,2,""
3,2024-01-22,3,5,"Nettoyeur vapeur 2500W impressionnant ! Nettoie en profondeur tous mes sols. Site web tr√®s clair, paiement s√©curis√© et livraison en 3 jours. Parfait !","2024-01-22","2024-01-20","Sophie M.",1003,3,""
4,2024-01-25,3,5,"L'√©liminateur de peluches √©lectrique a sauv√© mes v√™tements ! Interface du site Wedinery tr√®s moderne, j'ai trouv√© ce que je cherchais rapidement.","2024-01-25","2024-01-23","Jean-Pierre R.",1004,1,""
5,2024-01-28,3,4,"D√©froisseur achet√© en promo (-49.99%), excellent rapport qualit√©-prix ! Navigation fluide sur le site, checkout rapide. Tr√®s satisfait de mon achat.","2024-01-28","2024-01-26","Am√©lie K.",1005,2,""
6,2024-02-02,3,5,"Le nettoyeur vapeur haute temp√©rature d√©passe mes attentes. Commande pass√©e en quelques clics sur Wedinery, suivi de livraison en temps r√©el. Top !","2024-02-02","2024-01-30","Marc B.",1006,3,""
7,2024-02-05,3,3,"√âliminateur de peluches correct mais un peu bruyant. Site bien fait, livraison dans les temps. Service client sympathique quand je les ai contact√©s.","2024-02-05","2024-02-03","Carla F.",1007,1,""
8,2024-02-08,3,5,"D√©froisseur portatif g√©nial pour les voyages ! Site Wedinery ergonomique, process de commande intuitif. Livr√© en 2 jours, emballage soign√©.","2024-02-08","2024-02-06","Ahmed T.",1008,2,""
9,2024-02-12,3,4,"Nettoyeur vapeur efficace sur les taches tenaces. Bonne exp√©rience d'achat, site responsive sur mobile. Un petit d√©lai de livraison mais produit conforme.","2024-02-12","2024-02-10","Nathalie V.",1009,3,""
10,2024-02-15,3,5,"√âliminateur 2 en 1 fantastique ! Enl√®ve peluches et bouloches parfaitement. Site Wedinery tr√®s professionnel, paiement s√©curis√©. Je recommande !","2024-02-15","2024-02-13","Patrick L.",1010,1,""
11,2024-02-18,3,5,"Le d√©froisseur avec 49.99% de r√©duction, quelle bonne affaire ! Site facile √† utiliser, descriptions produits d√©taill√©es. Livraison soign√©e.","2024-02-18","2024-02-16","Julia S.",1011,2,""
12,2024-02-22,3,4,"Nettoyeur vapeur 2500W tr√®s puissant. Interface du site claire, filtres de recherche pratiques. Service client disponible et comp√©tent.","2024-02-22","2024-02-20","Roberto M.",1012,3,""
13,2024-02-25,3,5,"Produit √©liminateur parfait pour entretenir mes v√™tements. Wedinery propose une exp√©rience d'achat fluide, notifications de suivi appr√©ci√©es.","2024-02-25","2024-02-23","√âmilie G.",1013,1,""
14,2024-02-28,3,3,"D√©froisseur correct mais notice un peu complexe. Site bien organis√©, commande simple. Livraison standard, rien √† redire sur le service.","2024-02-28","2024-02-26","Fran√ßois H.",1014,2,""
15,2024-03-03,3,5,"Nettoyeur vapeur exceptionnel ! Nettoie moquettes et carrelages parfaitement. Site Wedinery moderne, checkout en 3 clics. Tr√®s content !","2024-03-03","2024-03-01","Sandrine P.",1015,3,""
16,2024-03-06,3,4,"L'√©liminateur √©lectrique fait le job efficacement. Bonne navigation sur mobile, photos produits de qualit√©. Livraison rapide et bien emball√©e.","2024-03-06","2024-03-04","Olivier C.",1016,1,""
17,2024-03-10,3,5,"D√©froisseur portatif tr√®s pratique ! Site ergonomique, process de paiement s√©curis√©. Re√ßu en parfait √©tat, conforme √† la description.","2024-03-10","2024-03-08","Martine J.",1017,2,""
18,2024-03-13,3,5,"Nettoyeur 2500W haute temp√©rature impressionnant ! Site Wedinery intuitif, large choix de produits. Service client au top, tr√®s r√©actif.","2024-03-13","2024-03-11","David A.",1018,3,""
19,2024-03-16,3,4,"√âliminateur 2 en 1 efficace sur tous types de tissus. Interface utilisateur agr√©able, recherche produits facile. Bon d√©lai de livraison.","2024-03-16","2024-03-14","Catherine N.",1019,1,""
20,2024-03-20,3,5,"Excellent d√©froisseur, la promo √† -49.99% √©tait une aubaine ! Site bien con√ßu, informations claires. Livraison express respect√©e.","2024-03-20","2024-03-18","J√©r√¥me Q.",1020,2,""
21,2024-03-23,3,4,"Nettoyeur vapeur puissant et efficace. Bonne exp√©rience sur Wedinery, site fluide et moderne. Emballage √©cologique appr√©ci√©.","2024-03-23","2024-03-21","V√©ronique E.",1021,3,""
22,2024-03-26,3,5,"L'√©liminateur de peluches √©lectrique sauve mes v√™tements pr√©f√©r√©s ! Site web parfait, navigation intuitive. Service apr√®s-vente disponible.","2024-03-26","2024-03-24","Antoine R.",1022,1,""
23,2024-03-30,3,3,"D√©froisseur portatif pratique mais chauffe lentement. Site Wedinery bien fait, commande sans probl√®me. Livraison dans les d√©lais annonc√©s.","2024-03-30","2024-03-28","Laurence T.",1023,2,""
24,2024-04-02,3,5,"Nettoyeur vapeur 2500W exceptionnel pour le m√©nage ! Interface site claire, descriptions techniques d√©taill√©es. Tr√®s satisfaite de mon achat.","2024-04-02","2024-03-31","Isabelle W.",1024,3,""
25,2024-04-05,3,4,"√âliminateur 2 en 1 tr√®s utile pour l'entretien textile. Site responsive, bon moteur de recherche. Service client sympathique et efficace.","2024-04-05","2024-04-03","Philippe Y.",1025,1,""
26,2024-04-08,3,5,"D√©froisseur avec r√©duction incroyable ! Fonctionne parfaitement. Site Wedinery professionnel, paiement s√©curis√©. Livraison soign√©e et rapide.","2024-04-08","2024-04-06","Monique U.",1026,2,""
27,2024-04-12,3,5,"Le nettoyeur haute temp√©rature nettoie tout ! Site ergonomique, commande facile. Suivi de livraison en temps r√©el tr√®s pratique.","2024-04-12","2024-04-10","Christophe I.",1027,3,""
28,2024-04-15,3,4,"√âliminateur √©lectrique efficace sur mes pulls cachemire. Bonne navigation sur le site, photos produits nettes. Service de qualit√©.","2024-04-15","2024-04-13","Sylvie O.",1028,1,""
29,2024-04-18,3,3,"D√©froisseur correct, fait le travail. Site bien organis√©, checkout simple. D√©lai de livraison standard, produit conforme √† l'attente.","2024-04-18","2024-04-16","Alain Z.",1029,2,""
30,2024-04-22,3,5,"Nettoyeur vapeur 2500W fantastique ! Puissance incroyable. Site Wedinery moderne et intuitif. Livraison express parfaite !","2024-04-22","2024-04-20","Brigitte X.",1030,3,""
31,2024-04-25,3,5,"L'√©liminateur 2 en 1 redonne vie √† mes v√™tements ! Site web fluide, process d'achat optimis√©. Service client r√©actif et comp√©tent.","2024-04-25","2024-04-23","G√©rard V.",1031,1,""
32,2024-04-28,3,4,"D√©froisseur portatif tr√®s pratique pour voyager. Interface Wedinery agr√©able, recherche produits efficace. Bon rapport qualit√©-prix !","2024-04-28","2024-04-26","Annie B.",1032,2,""
33,2024-05-02,3,5,"Nettoyeur vapeur haute temp√©rature exceptionnel ! Site professionnel, descriptions compl√®tes. Livraison express respect√©e, emballage soign√©.","2024-05-02","2024-04-30","Michel G.",1033,3,""
34,2024-05-05,3,4,"√âliminateur de peluches √©lectrique tr√®s efficace. Site Wedinery bien con√ßu, navigation fluide. Service apr√®s-vente disponible et aidant.","2024-05-05","2024-05-03","Christine L.",1034,1,""
35,2024-05-08,3,5,"D√©froisseur √† -49.99%, excellent deal ! Fonctionne parfaitement. Site ergonomique, paiement s√©curis√©. Tr√®s contente de cet achat.","2024-05-08","2024-05-06","Bernard H.",1035,2,""
36,2024-05-12,3,3,"Nettoyeur vapeur correct, puissance suffisante. Site bien structur√©, commande facile. Livraison standard, produit conforme √† la description.","2024-05-12","2024-05-10","Fran√ßoise K.",1036,3,""
37,2024-05-15,3,5,"L'√©liminateur 2 en 1 enl√®ve toutes les peluches ! Site Wedinery intuitif, checkout rapide. Service client top, r√©ponse imm√©diate !","2024-05-15","2024-05-13","Claude M.",1037,1,""
38,2024-05-18,3,4,"D√©froisseur portatif pratique et efficace. Bonne exp√©rience sur le site, interface claire. Livraison dans les temps, bien emball√©.","2024-05-18","2024-05-16","Danielle P.",1038,2,""
39,2024-05-22,3,5,"Nettoyeur 2500W haute temp√©rature formidable ! Site moderne, descriptions d√©taill√©es. Livraison soign√©e, produit conforme. Je recommande !","2024-05-22","2024-05-20","Roger S.",1039,3,""
40,2024-05-25,3,4,"√âliminateur √©lectrique performant sur tous tissus. Site Wedinery professionnel, recherche produits facile. Service client sympathique.","2024-05-25","2024-05-23","Jacqueline F.",1040,1,""
41,2024-05-28,3,5,"D√©froisseur avec r√©duction exceptionnelle ! Tr√®s content du produit. Site web fluide, navigation agr√©able. Livraison express parfaite.","2024-05-28","2024-05-26","Henri D.",1041,2,""
42,2024-06-01,3,3,"Nettoyeur vapeur fait le travail mais un peu lourd. Site bien fait, commande simple. D√©lai de livraison respect√©, emballage correct.","2024-06-01","2024-05-30","Nicole R.",1042,3,""
43,2024-06-04,3,5,"L'√©liminateur 2 en 1 est formidable ! Redonne vie aux v√™tements. Site Wedinery ergonomique, process de commande optimis√©.","2024-06-04","2024-06-02","Pierre T.",1043,1,""
44,2024-06-07,3,4,"D√©froisseur portatif tr√®s utile au quotidien. Interface site claire, photos produits de qualit√©. Service client r√©actif et professionnel.","2024-06-07","2024-06-05","Yvette A.",1044,2,""
45,2024-06-10,3,5,"Nettoyeur vapeur 2500W impressionnant de puissance ! Site moderne, paiement s√©curis√©. Livraison rapide, emballage √©cologique.","2024-06-10","2024-06-08","Marcel B.",1045,3,""
46,2024-06-14,3,4,"√âliminateur de peluches √©lectrique efficace et pratique. Bonne navigation sur Wedinery, checkout facile. Satisfait de mon achat.","2024-06-14","2024-06-12","Colette C.",1046,1,""
47,2024-06-17,3,5,"D√©froisseur √† prix r√©duit (-49.99%) excellent ! Site web intuitif, descriptions compl√®tes. Service apr√®s-vente disponible et comp√©tent.","2024-06-17","2024-06-15","Raymond E.",1047,2,""
48,2024-06-20,3,3,"Nettoyeur vapeur haute temp√©rature correct. Site bien organis√©, recherche produits efficace. Livraison standard, produit conforme.","2024-06-20","2024-06-18","Jeanne G.",1048,3,""
49,2024-06-23,3,5,"L'√©liminateur 2 en 1 sauve mes v√™tements favoris ! Site Wedinery professionnel, navigation fluide. Tr√®s content de cette commande.","2024-06-23","2024-06-21","Louis I.",1049,1,""
50,2024-06-26,3,4,"D√©froisseur portatif pratique pour les d√©placements. Interface utilisateur agr√©able, commande sans probl√®me. Livraison soign√©e.","2024-06-26","2024-06-24","Suzanne J.",1050,2,""
51,2024-06-30,3,5,"Nettoyeur 2500W exceptionnel ! Nettoie tout parfaitement. Site ergonomique, process de paiement rapide. Service client au top !","2024-06-30","2024-06-28","Gilbert L.",1051,3,""
52,2024-07-03,3,4,"√âliminateur √©lectrique tr√®s efficace sur peluches. Site Wedinery bien con√ßu, descriptions techniques claires. Bon service global.","2024-07-03","2024-07-01","Odette N.",1052,1,""
53,2024-07-06,3,5,"D√©froisseur avec super r√©duction ! Fonctionne parfaitement. Site moderne, checkout en quelques clics. Livraison express parfaite.","2024-07-06","2024-07-04","Fernand Q.",1053,2,""
54,2024-07-09,3,3,"Nettoyeur vapeur fait le job mais notice complexe. Site bien structur√©, navigation facile. Service client aidant pour les questions.","2024-07-09","2024-07-07","Simone U.",1054,3,""
55,2024-07-12,3,5,"L'√©liminateur 2 en 1 redonne neuf √† mes pulls ! Site Wedinery intuitif, paiement s√©curis√©. Tr√®s satisfait de cet achat en ligne.","2024-07-12","2024-07-10","Andr√© W.",1055,1,""
56,2024-07-15,3,4,"D√©froisseur portatif compact et efficace. Bonne exp√©rience sur le site, interface claire. Livraison dans les d√©lais annonc√©s.","2024-07-15","2024-07-13","Lucette Y.",1056,2,""
57,2024-07-18,3,5,"Nettoyeur vapeur haute temp√©rature formidable ! Site professionnel, descriptions d√©taill√©es. Service apr√®s-vente r√©actif et comp√©tent.","2024-07-18","2024-07-16","Maurice Z.",1057,3,""
58,2024-07-21,3,4,"√âliminateur de peluches performant et pratique. Site Wedinery ergonomique, recherche produits efficace. Satisfait du service global.","2024-07-21","2024-07-19","Paulette X.",1058,1,""
59,2024-07-24,3,5,"D√©froisseur √† prix exceptionnel ! Tr√®s bon produit. Site web fluide, process d'achat optimis√©. Livraison soign√©e et rapide.","2024-07-24","2024-07-22","Gaston V.",1059,2,""
60,2024-07-27,3,5,"Nettoyeur 2500W impressionnant de puissance ! Site moderne et intuitif. Service client excellent, r√©ponse rapide. Je recommande vivement !","2024-07-27","2024-07-25","Huguette T.",1060,3,""
1280,2025-04-04 07:07:36.478965+00,3,5,"Le site est clair , description des produits tr√®s bien. Le service est impeccable, pour plus d'explication vous pouvez appeler et les personnes sont attentifs √† vos demandes. et si pb sur produit ils vous rappellent..... Tr√®s rare.... Encore merci.",27/10/2024,29/09/2024,RAYMOND M.,61,,
1289,2025-04-04 07:07:36.478965+00,3,5,Super site,26/10/2024,04/10/2024,AUGUSTE G.,62,,
1285,2025-04-04 07:07:36.478965+00,3,5,üëçtr√®s bien,26/10/2024,28/09/2024,AUR√âLIE A.,63,,
1295,2025-04-04 07:07:36.478965+00,3,5,je recommande cette societ√©,26/10/2024,21/10/2024,LOUIS M.,64,,
1276,2025-04-04 07:07:36.478965+00,3,5,Au top rien √† redire,26/10/2024,07/10/2024,XAVIER B.,65,,
1301,2025-04-04 07:07:36.478965+00,3,5,Rien √† dire bon service,26/10/2024,19/09/2024,MICHELLE D.,66,,
1283,2025-04-04 07:07:36.478965+00,3,5,"Livraison tr√®s rapide, simple et efficace",26/10/2024,30/09/2024,CLAUDINE P.,67,,
1298,2025-04-04 07:07:36.478965+00,3,5,L'equipe au top !,26/10/2024,19/10/2024,ALICE G.,68,,
1432,2025-04-04 07:07:36.478965+00,3,5,"Livraison rapide, efficace,produit conforme",26/10/2024,23/09/2024,FRANCK P.,69,,
1423,2025-04-04 07:07:36.478965+00,3,5,Rapide efficace et prix int√©ressant,26/10/2024,30/09/2024,PATRICIA H.,70,,
1505,2025-04-04 07:07:36.478965+00,3,1,Trop long √† expliquer. Mais fuyez et commander ailleurs.,26/10/2024,02/10/2024,HORTENSE H.,71,,
1284,2025-04-04 07:07:36.478965+00,3,4,tres bien,16/10/2024,07/10/2024,MARCELLE R.,72,,
1272,2025-04-04 07:07:36.478965+00,3,5,Tr√®s bon accueil,08/10/2024,06/10/2024,PAULINE S.,73,,
1271,2025-04-04 07:07:36.478965+00,3,5,Bon site,02/10/2024,14/08/2024,PATRICK C.,74,,
1281,2025-04-04 07:07:36.478965+00,3,5,"Navigation intuitive, j'ai de suite trouv√© le produit que je cherchais",02/10/2024,21/08/2024,CORINNE L.,75,,
1154,2025-04-04 07:07:36.478965+00,3,5,Personne au t√©l√©phone qui m  a donn√©. Tous les renseignements n√©cessaires. Tr√®s bonne √©coute.  Commande arriv√©e sous 48 h. Comme promis.  Je recommanderai.,01/10/2024,20/09/2024,GEORGES D.,76,,
1159,2025-04-04 07:07:36.478965+00,3,5,Tres bien,01/10/2024,08/09/2024,TH√âOPHILE B.,77,,
1155,2025-04-04 07:07:36.478965+00,3,5,Bien,01/10/2024,06/09/2024,BERTRAND M.,78,,
1160,2025-04-04 07:07:36.478965+00,3,5,Envoi rapide,01/10/2024,03/09/2024,CHRISTELLE S.,79,,
1156,2025-04-04 07:07:36.478965+00,3,4,Conforme au descriptif,01/10/2024,07/09/2024,BERNARD J.,80,,
1161,2025-04-04 07:07:36.478965+00,3,5,"Belle r√©activit√©, rapidit√© d'envoi, un peu pourrie par colissimo qui a bloque le colis en centre de tri pendant 36 heures, a 2.4 km de la destination...",01/10/2024,07/09/2024,DOMINIQUE M.,81,,
1157,2025-04-04 07:07:36.478965+00,3,5,R√©actif !,01/10/2024,07/09/2024,PHILIPPE M.,82,,
1162,2025-04-04 07:07:36.478965+00,3,5,"Soci√©t√© hyper r√©active, commande trait√©e dans l'heure et livr√©e en 48h.",01/10/2024,15/09/2024,ST√âPHANE P.,83,,
1158,2025-04-04 07:07:36.478965+00,3,5,Tr√®s bon site et livraison rapide,01/10/2024,22/09/2024,JULIETTE L.,84,,
1163,2025-04-04 07:07:36.478965+00,3,4,Ras d√©lai respecter et colis en bon √©tat,01/10/2024,13/09/2024,ALEXANDRIA F.,85,,
1383,2025-04-04 07:07:36.478965+00,3,4,"Bon site, mais la livraison a √©t√© √©chelonn√©e sur 2 semaines",01/10/2024,08/09/2024,V√âRONIQUE D.,86,,
1424,2025-04-04 07:07:36.478965+00,3,5,Tr√®s beaux articles et service s√©rieux üò¶,01/10/2024,24/08/2024,J√âR√îME L.,87,,
1165,2025-04-04 07:07:36.478965+00,3,5,Des grands professionnels,30/09/2024,01/09/2024,G√âRARD L.,88,,
1109,2025-04-04 07:07:36.478965+00,3,5,Livraison rapide,28/09/2024,16/09/2024,CLAUDE M.,89,,
1166,2025-04-04 07:07:36.478965+00,3,5,Comme d‚Äôhabitude rien a redire !!,28/09/2024,18/09/2024,NICOLE L.,90,,
1296,2025-04-04 07:07:36.478965+00,3,5,parfait,28/09/2024,06/09/2024,LAURE R.,91,,
1068,2025-04-04 07:07:36.478965+00,3,5,Commande re√ßue tr√®s rapidement.,24/09/2024,16/09/2024,ST√âPHANIE L.,92,,
1164,2025-04-04 07:07:36.478965+00,3,5,Commande pass√©e directement au showroom.<br/>Conseils. Essais. Au top.<br/>Merci,24/09/2024,14/09/2024,G√âRARD B.,93,,
1220,2025-04-04 07:07:36.478965+00,3,5,Parfait,24/09/2024,01/09/2024,BERNARD B.,94,,
1167,2025-04-04 07:07:36.478965+00,3,1,Bonjours j‚Äôai re√ßu un produit l√©g√®rement ab√Æm√© sur une couture le shorty strap n‚Äôa tenu que deux s√©ance d‚Äôentra√Ænement avant de ce d√©chir√© √† l‚Äôendroit d√©j√† fragilis√© ce qui n‚Äôest absolument pas normal j‚Äôattends donc un retour de votre part cordialement,24/09/2024,04/08/2024,MATHILDE B.,95,,
1287,2025-04-04 07:07:36.478965+00,3,5,"Rapide, efficace et top, merci √† l'√©quipe.",24/09/2024,23/09/2024,√âRIC F.,96,,
1321,2025-04-04 07:07:36.478965+00,3,5,ultra rapide,24/09/2024,29/08/2024,G√âRARD M.,97,,
1341,2025-04-04 07:07:36.478965+00,3,5,Tr√®s bien.  Satisfait. Livraison rapide.,24/09/2024,08/08/2024,NATH S.,98,,
1417,2025-04-04 07:07:36.478965+00,3,5,"Livraison rapide, halt√®re (mauvais poids) renvoy√© et re√ßu le bon quelques jours apr√®s. Au top.",24/09/2024,26/08/2024,JACQUELINE A.,99,,
1323,2025-04-04 07:07:36.478965+00,3,4,"Tr√®s satisfait, livraison rapide et conforme √† la description.",24/09/2024,26/08/2024,JEANNE P.,100,,
1328,2025-04-04 07:07:36.478965+00,3,5,Site nickel,24/09/2024,27/08/2024,JULIE W.,101,,
1333,2025-04-04 07:07:36.478965+00,3,5,pratique et clair,24/09/2024,15/08/2024,VICTOIRE B.,102,,
1338,2025-04-04 07:07:36.478965+00,3,4,"Tr√®s bien, l√©g√®rement cher mais qualit√© OK",24/09/2024,22/08/2024,√âLODIE M.,103,,
1443,2025-04-04 07:07:36.478965+00,3,5,Rien √† dire re√ßu en tr√®s bon √©tat et rapidement,24/09/2024,04/08/2024,MAURICE D.,104,,
1319,2025-04-04 07:07:36.478965+00,3,5,Tout est ok,24/09/2024,16/08/2024,LORRAINE R.,105,,
1339,2025-04-04 07:07:36.478965+00,3,5,Super,24/09/2024,12/08/2024,GABRIELLE B.,106,,
1344,2025-04-04 07:07:36.478965+00,3,5,"Parfait, livraison rapide.",24/09/2024,31/08/2024,VICTOR J.,107,,
1324,2025-04-04 07:07:36.478965+00,3,5,Tr√®s bon produit . R√©sistant et efficace . Je recommande la chevillere .,19/09/2024,17/09/2024,ANNE L.,108,,
1330,2025-04-04 07:07:36.478965+00,3,5,Super,16/09/2024,14/07/2024,MICHEL D.,109,,
1171,2025-04-04 07:07:36.478965+00,3,5,Des produits de qualit√© <br/>Je fais confiance,14/09/2024,08/09/2024,THIBAUT D.,110,,
1307,2025-04-04 07:07:36.478965+00,3,5,"Ras. Produit conforme, livraison rapide",14/09/2024,08/09/2024,HUGUES C.,111,,
1232,2025-04-04 07:07:36.478965+00,3,5,Tr√®s bon service client<br/>Produits impeccables,09/09/2024,03/09/2024,MARIANNE P.,112,,
1309,2025-04-04 07:07:36.478965+00,3,5,Envoyer rapidement,07/09/2024,31/08/2024,GR√âGOIRE L.,113,,
1208,2025-04-04 07:07:36.478965+00,3,5,"Tr√®s bon conseils, vendeur impliqu√©",02/09/2024,31/08/2024,MANON M.,114,,
1315,2025-04-04 07:07:36.478965+00,3,5,Parfait,02/09/2024,15/08/2024,ANASTASIE B.,115,,
1231,2025-04-04 07:07:36.478965+00,3,5,"Super site internet, super personnel agr√©able et de bon conseil et super produit.",31/08/2024,19/07/2024,XAVIER V.,116,,
1213,2025-04-04 07:07:36.478965+00,3,5,Tr√®s facile,31/08/2024,22/07/2024,TH√âODORE G.,117,,
1509,2025-04-04 07:07:36.478965+00,3,4,Commande livr√©e avec retard de plusieurs jours.,31/08/2024,22/07/2024,MAURICE B.,118,,
1215,2025-04-04 07:07:36.478965+00,3,4,Site correct,30/08/2024,07/08/2024,THIBAUT B.,119,,
1201,2025-04-04 07:07:36.478965+00,3,5,rapide parfaits,30/08/2024,30/07/2024,MARCELLE V.,120,,
1212,2025-04-04 07:07:36.478965+00,3,5,parfait; commande exp√©di√©e vite et conforme √† ma demande,30/08/2024,18/07/2024,SUZANNE A.,121,,
1227,2025-04-04 07:07:36.478965+00,3,5,Bien.,28/08/2024,14/07/2024,GILLES J.,122,,
1203,2025-04-04 07:07:36.478965+00,3,5,"Super articles , prix bas et livraison rapide , je recommande !",28/08/2024,17/08/2024,PHILIPPE L.,123,,
1385,2025-04-04 07:07:36.478965+00,3,5,Produit moins cher qu'ailleurrs sur ce site,27/08/2024,12/07/2024,MATHILDE C.,124,,
1448,2025-04-04 07:07:36.478965+00,3,5,le site est clair et bien agenc√©,27/08/2024,11/07/2024,CATHERINE G.,125,,
1444,2025-04-04 07:07:36.478965+00,3,5,Tr√®s bien,27/08/2024,18/08/2024,GR√âGOIRE J.,126,,
1495,2025-04-04 07:07:36.478965+00,3,5,livraison tr√®s rapide,27/08/2024,28/07/2024,PAUL J.,127,,
1461,2025-04-04 07:07:36.478965+00,3,4,"Achet√©e pour l'essayer, pour un coeur en salle, leurs kits son tr√®s biens, j'en ai achet√© 4 de plus pour mes √©l√®ves, dommage pas de promo, si achat multiple, mais tr√®s bien quand meme, je recommande !",27/08/2024,17/08/2024,CLAUDE L.,128,,
1219,2025-04-04 07:07:36.478965+00,3,5,Tr√®s bon service et tarifs comp√©titifs,26/08/2024,13/08/2024,ALAIN D.,129,,
1229,2025-04-04 07:07:36.478965+00,3,5,Parfait produit tr√®s efficace,26/08/2024,29/07/2024,ALFRED M.,130,,
1225,2025-04-04 07:07:36.478965+00,3,5,Au top,26/08/2024,23/07/2024,GUY E.,131,,
1206,2025-04-04 07:07:36.478965+00,3,5,Parfait,26/08/2024,22/07/2024,VIRGINIE P.,132,,
1216,2025-04-04 07:07:36.478965+00,3,4,Rien √† redire,26/08/2024,12/08/2024,FR√âD√âRIC J.,133,,
1202,2025-04-04 07:07:36.478965+00,3,5,"Tr√®s bon site, facile d'emploi, produit conforme √† mes attentes (c'est le m√™me que mon kin√© !) je recommande :)",26/08/2024,05/08/2024,P√âN√âLOPE B.,134,,
1207,2025-04-04 07:07:36.478965+00,3,4,satisfait du produit et du d√©roulement de la livraison,26/08/2024,20/08/2024,FRANCK M.,135,,
1217,2025-04-04 07:07:36.478965+00,3,5,Livraison rapide.,26/08/2024,05/08/2024,LUC O.,136,,
1222,2025-04-04 07:07:36.478965+00,3,5,"Super produit et site tr√®s s√©rieux, je recommande le gel froid pour la circulation :)",26/08/2024,25/07/2024,SIMONE V.,137,,
1388,2025-04-04 07:07:36.478965+00,3,5,Parfait. Produit de qualit√© vite expedie,26/08/2024,30/07/2024,AUGUSTIN C.,138,,
1325,2025-04-04 07:07:36.478965+00,3,5,"Livraison rapide et conforme, tr√®s bon produit !",18/08/2024,11/08/2024,BENO√éT M.,139,,
1314,2025-04-04 07:07:36.478965+00,3,5,livraison conforme RAS,16/08/2024,23/07/2024,BERTRAND F.,140,,
1305,2025-04-04 07:07:36.478965+00,3,5,GOOD RANGE OF CHOICE,16/08/2024,25/07/2024,PATRICK G.,141,,
1306,2025-04-04 07:07:36.478965+00,3,5,Tr√®s satisfaite,16/08/2024,29/07/2024,OLIVIER R.,142,,
1320,2025-04-04 07:07:36.478965+00,3,5,"Commande fid√®le √† ma commande, livraison tr√®s rapide. u, site √† recommander.",16/08/2024,27/07/2024,THIERRY N.,143,,
1316,2025-04-04 07:07:36.478965+00,3,5,"Navigation intuitive, halt√®res propos√©es de qualit√©s, livraison rapide",16/08/2024,23/07/2024,CLAIRE D.,144,,
1336,2025-04-04 07:07:36.478965+00,3,3,"livraison rapide mais une pi√®ce du rameur dans le colis est arriv√©e l√©g√®rement abim√©e, mais cela n'√©tait pas grand chose, je l'ai pr√©venu ils ont √©tendu ma p√©riode de retours et je m'en sert depuis plusieurs semaines, cela fonctionn tr√®s bien.",16/08/2024,27/07/2024,MARCELLE M.,145,,
1327,2025-04-04 07:07:36.478965+00,3,5,Excellent site d√©di√© au sport et au bien-√™tre. Livraison rapide,16/08/2024,02/08/2024,CHARLES T.,146,,
1422,2025-04-04 07:07:36.478965+00,3,5,Tout √©tait parfait,16/08/2024,11/08/2024,THOMAS P.,147,,
1329,2025-04-04 07:07:36.478965+00,3,4,tr√©s bien,16/08/2024,02/08/2024,CHRISTOPHE B.,148,,
1197,2025-04-04 07:07:36.478965+00,3,5,Tr√®s bon accueil et de super produits,15/08/2024,12/08/2024,G√âRARD A.,149,,
1210,2025-04-04 07:07:36.478965+00,3,4,Produit conforme √† mes attentes,14/08/2024,12/08/2024,S√âBASTIEN B.,150,,
1230,2025-04-04 07:07:36.478965+00,3,5,Tr√®s satisfait. Materiel pro de qualit√© et conseils avis√©s.,13/08/2024,06/08/2024,AURORE G.,151,,
1310,2025-04-04 07:07:36.478965+00,3,5,"Site s√©rieux, articles de qualit√©s et √† votre √©coute  ,je recommande !",09/08/2024,26/07/2024,THIBAULT T.,152,,
1514,2025-04-04 07:07:36.478965+00,3,5,"J‚Äôai effectu√© mes achats sur le site internet. Puis pour v√©rifier le statut de ma livraison, j‚Äôai d√ª appeler. J‚Äôai eu la possibilit√© de changer quelques produits pour ma r√©√©ducation. Un service apr√®s vente au TOP. Merci beaucoup √† Martina et au directeur de christopeit france pour leur disponibilit√©",08/08/2024,05/08/2024,VINCENT B.,153,,
1474,2025-04-04 07:07:36.478965+00,3,5,"Tr√®s bien, excellent produit",06/08/2024,03/08/2024,√âLISE L.,154,,
1224,2025-04-04 07:07:36.478965+00,3,5,Vendeur au top,05/08/2024,01/08/2024,JACQUES R.,155,,
1332,2025-04-04 07:07:36.478965+00,3,5,Site s√©rieux <br/>Achat suivi et r√©ception ok,03/08/2024,30/06/2024,ROGER L.,156,,
1067,2025-04-04 07:07:36.478965+00,3,4,TOUT ET OK,31/07/2024,19/06/2024,ALPHONSE V.,157,,
1322,2025-04-04 07:07:36.478965+00,3,5,tres satisfait,31/07/2024,30/06/2024,√âL√âONORE G.,158,,
1031,2025-04-04 07:07:36.478965+00,3,4,"J‚Äôai d√©j√† command√© 2 fois des halt√®res, c‚Äôest donc ma 3√®me commande car j‚Äôen suis satisfait. Cependant, la photo ne correspond pas tout √† fait au mod√®le. La mati√®re est l√©g√®rement diff√©rente et √ßa taille l√©g√®rement plus grande, mais OK.",30/07/2024,18/06/2024,MARIE P.,159,,
1312,2025-04-04 07:07:36.478965+00,3,5,Bien,30/07/2024,17/07/2024,ANOUK J.,160,,
1313,2025-04-04 07:07:36.478965+00,3,5,Tr√®s bonne r√©activit√© des vendeurs,30/07/2024,01/07/2024,AUGUSTIN A.,161,,
1335,2025-04-04 07:07:36.478965+00,3,4,Site bien fait mais peut etre amelior√© √† mon avis,30/07/2024,22/06/2024,MARTIN R.,162,,
1345,2025-04-04 07:07:36.478965+00,3,5,Magnifique,30/07/2024,16/06/2024,AURORE B.,163,,
1456,2025-04-04 07:07:36.478965+00,3,5,"totalement satisfaite de la relation client, et du produit",30/07/2024,21/06/2024,PHILIPPE P.,164,,
1342,2025-04-04 07:07:36.478965+00,3,5,"Site tr√®s s√©rieux, livraisons suivies et bons produits",30/07/2024,05/07/2024,LUCAS N.,165,,
1318,2025-04-04 07:07:36.478965+00,3,5,Super !,30/07/2024,22/06/2024,TH√âOPHILE B.,166,,
1334,2025-04-04 07:07:36.478965+00,3,5,Ensemble conforme et livraison rapide.,30/07/2024,17/06/2024,THIBAUT L.,167,,
1340,2025-04-04 07:07:36.478965+00,3,5,Jamais √©t√© d√©√ßu des produits acheter √©quipe au top,29/07/2024,20/07/2024,FR√âD√âRIC S.,168,,
1226,2025-04-04 07:07:36.478965+00,3,5,"Livraison express, en moins de 24h, tr√®s heureux de pouvoir profiter des mes produits aussi rapidement. De bons conseils, professionnels et agr√©ables !!! Je recommande fortement christopeit france !!",24/07/2024,19/07/2024,TRISTAN P.,169,,
1221,2025-04-04 07:07:36.478965+00,3,5,Rapide et efficace,10/07/2024,07/07/2024,MICHELLE T.,170,,
1337,2025-04-04 07:07:36.478965+00,3,5,La livraison laisse a d√©sirer.,05/07/2024,30/06/2024,DANIELLE G.,171,,
1308,2025-04-04 07:07:36.478965+00,3,5,tiptop,04/07/2024,30/06/2024,VINCENT M.,172,,
1304,2025-04-04 07:07:36.478965+00,3,5,"Tres pro, choix impressionnant, bref, je recommande",02/07/2024,30/06/2024,ISAAC B.,173,,
1425,2025-04-04 07:07:36.478965+00,3,4,"Bon produit mais la livraison √©tait un peu longue, cela a pris une semaine, commande pass√© un mercredi, recu celui suivant.",01/07/2024,26/06/2024,NATHALIE L.,174,,
1169,2025-04-04 07:07:36.478965+00,3,5,Parfait,28/06/2024,21/06/2024,LAURENCE B.,175,,
1326,2025-04-04 07:07:36.478965+00,3,5,"Commande conforme livr√©e tr√®s rapidement. Ayant eu un probl√®me de dysfonctionnement du chargeur de mon appareil, j'ai particuli√®rement appr√©ci√© le sens du service et l'efficacit√© du SAV qui a su trouver une solution tr√®s simplement et tr√®s rapidement, et qui s'est spontan√©ment pr√©occup√© de savoir si j'√©tais satisfait de la solution. Je tiens √† souligner √©galement qu'ils m'ont fait livrer en remplacement un chargeur sans fil qui est normalement une option payante (85‚Ç¨). En r√©sum√©, un grand merci et un coup de chapeau pour la qualit√© du service !",25/06/2024,04/06/2024,LUC L.,176,,
1211,2025-04-04 07:07:36.478965+00,3,5,Que de bons conseils comme toujours ! Je recommande,18/06/2024,16/06/2024,ROBERT B.,177,,
1343,2025-04-04 07:07:36.478965+00,3,5,L'entreprise a tr√®s bien g√©r√© ma commande.,18/06/2024,04/06/2024,MARTIN B.,178,,
1069,2025-04-04 07:07:36.478965+00,3,3,"Le site est sympa mais ma commande est beaucoup trop petite, je n'ai pas trouv√© le moyen d'effectuer un retour via le site, 30‚Ç¨ pour des manchons trop petits",17/06/2024,27/05/2024,LOUISE M.,179,,
1204,2025-04-04 07:07:36.478965+00,3,5,Livraison respect√©e et en bon √©tat,17/06/2024,31/05/2024,GUY G.,180,,
1195,2025-04-04 07:07:36.478965+00,3,5,excellente,17/06/2024,17/03/2024,√âMILIE G.,181,,
1430,2025-04-04 07:07:36.478965+00,3,5,"Tr√®s pro, envoi rapide et tr√®s bien conditionn√©,<br/>recommand√©!!!",15/06/2024,31/05/2024,VIRGINIE T.,182,,
1311,2025-04-04 07:07:36.478965+00,3,5,Disponible tr√®s bon conseil par t√©l√©phone merci,14/06/2024,20/05/2024,CHANTAL L.,183,,
1331,2025-04-04 07:07:36.478965+00,3,5,"Vraiment, tr√®s satisfaite. Je l'ai m√™me recommand√© √† mon kin√©.",14/06/2024,02/06/2024,THOMAS C.,184,,
1317,2025-04-04 07:07:36.478965+00,3,5,Site impeccable et s√©rieux,14/06/2024,10/05/2024,AUR√âLIE C.,185,,
1378,2025-04-04 07:07:36.478965+00,3,5,"Livraison ultra-rapide, paquet impeccable ainsi que le produit. Site √† recommander !",14/06/2024,05/06/2024,PATRICIA G.,186,,
1497,2025-04-04 07:07:36.478965+00,3,5,Tr√®s bien tr√®s satisfaisant,14/06/2024,23/05/2024,AUR√âLIE V.,187,,
1368,2025-04-04 07:07:36.478965+00,3,5,"Tr√®s bien, re√ßu rapidement,  RAS je recommande",10/06/2024,31/05/2024,VALENTINE L.,188,,
1199,2025-04-04 07:07:36.478965+00,3,5,"Excellent service, exp√©dition rapide et un des rares magasins √† exp√©dier dans l‚ÄôEurope enti√®re et ne pas se limiter uniquement aux pays autour de la France. Tip top, Merci.",07/06/2024,30/05/2024,CAROLINE L.,189,,
1442,2025-04-04 07:07:36.478965+00,3,5,"Navigation facile, livraison qualitative et rapide, r√©ception en tr√®s bonne √©tat. Je recommande vivement !",06/06/2024,28/05/2024,EUG√àNE L.,190,,
1200,2025-04-04 07:07:36.478965+00,3,5,Super site<br/>Tr√®s fluide,05/06/2024,30/05/2024,LAURE A.,191,,
1196,2025-04-04 07:07:36.478965+00,3,5,rapide et efficace,02/06/2024,16/05/2024,JOSETTE D.,192,,
1436,2025-04-04 07:07:36.478965+00,3,5,"Permet de mieux envelopper l'√©paule de par sa consistance. Tr√®s content, fonctionne tr√®s bien.",01/06/2024,13/05/2024,DANIEL L.,193,,
1363,2025-04-04 07:07:36.478965+00,3,5,"Tr√®s bien, service impeccable, soigneux et attentif. Je recommande !Parfait. livraison respect√©e",01/06/2024,25/05/2024,FRANCK H.,194,,
1214,2025-04-04 07:07:36.478965+00,3,5,Excellent produit,30/05/2024,17/05/2024,RAYMOND L.,195,,
1218,2025-04-04 07:07:36.478965+00,3,5,"Tr√®s complet, simple d'acc√®s, bien organis√© !",30/05/2024,28/05/2024,XAVIER R.,196,,
1374,2025-04-04 07:07:36.478965+00,3,3,"D√©lai de livraison loin d'√™tre respect√©. L'excuse, retard du fournisseur ! Dans ce cas, ne pas mettre disponible sur le site, sinon cela s'appelle un mensonge. C'est disponible si vous avez physiquement l'article. Donc peut-√™tre que le fournisseur a pris du temps mais il n'est pas responsable de ce que vous indiquez volontairement ou non sur votre site.",28/05/2024,22/04/2024,XAVIER C.,197,,
1209,2025-04-04 07:07:36.478965+00,3,3,Colis  rapide mais arriv√©  ouvert...,26/05/2024,09/05/2024,FRAN√áOIS J.,198,,
1205,2025-04-04 07:07:36.478965+00,3,4,"Rien de particulier, simplement plus de pr√©cisions sur la taille",26/05/2024,26/04/2024,ANTOINETTE B.,199,,
1360,2025-04-04 07:07:36.478965+00,3,5,Livraison assez rapide au vu du contexte.,19/05/2024,06/05/2024,VAL√âRIE C.,200,,
1373,2025-04-04 07:07:36.478965+00,3,5,"Cliente fid√®le, je suis toujours de leurs √©quipements, ayant il y a environ 6 mois acheter des halt√®res pour mes cours, je leur cette-fois-ci acheter 2 v√©los d'int√©rieur que je peux utiliser avec mes √©l√®ves. Ils ont des roulettes tr√®s pratique lorsque je veux les d√©placer ou les ranger.",19/05/2024,20/04/2024,MARIE L.,201,,
1350,2025-04-04 07:07:36.478965+00,3,5,"rameur livr√© dans le delai, √©tat parfait",18/05/2024,26/04/2024,VICTOIRE M.,202,,
1365,2025-04-04 07:07:36.478965+00,3,5,Commande exp√©di√© rapidement malgr√© la p√©riode de covid,18/05/2024,27/03/2024,√âMILE G.,203,,
1370,2025-04-04 07:07:36.478965+00,3,5,Hal√®teres ! Au top !,18/05/2024,29/04/2024,NICOLAS H.,204,,
1445,2025-04-04 07:07:36.478965+00,3,5,Toujours tr√®s satisfaite de ce produit et de son acheminement,18/05/2024,11/04/2024,DENIS P.,205,,
1357,2025-04-04 07:07:36.478965+00,3,5,"Produit g√©nial, vendeur au top! Je recommande sans probl√®me.",18/05/2024,11/03/2024,NATH D.,206,,
1364,2025-04-04 07:07:36.478965+00,3,4,"Parfait pour ma remise en forme, kit d'halt√®res avec barre auu top!!",18/05/2024,06/05/2024,CHRISTOPHE R.,207,,
1361,2025-04-04 07:07:36.478965+00,3,5,envoi rapide et conforme. Je recommande!,17/05/2024,05/05/2024,MARINE J.,208,,
1376,2025-04-04 07:07:36.478965+00,3,5,Merci pour les conseils ! Je suis super content de ma commande!!,17/05/2024,25/04/2020,ST√âPHANIE C.,209,,
1347,2025-04-04 07:07:36.478965+00,3,5,"Site serieux, envoi soign√© et rapide",17/05/2024,13/04/2024,CHRISTOPHE T.,210,,
1367,2025-04-04 07:07:36.478965+00,3,5,Livraison rapide pas de probl√®me !!!,17/05/2024,08/03/2024,P√âN√âLOPE G.,211,,
1358,2025-04-04 07:07:36.478965+00,3,5,"Impeccables, vendeur pro qu‚Äôon peut contacter par t√©l√©phone et lui demander conseil. commande re√ßue tr√®s rapidement.<br/>Je recommande",17/05/2024,23/04/2024,CLAIRE R.,212,,
1359,2025-04-04 07:07:36.478965+00,3,5,Tr√®s bien ! Livraison rapide! <br/>Merci,17/05/2024,14/03/2024,√âLISABETH B.,213,,
1379,2025-04-04 07:07:36.478965+00,3,5,Produit conforme √† la description et livraison rapide. Parfait !,17/05/2024,06/05/2024,VALENTINE C.,214,,
1194,2025-04-04 07:07:36.478965+00,3,4,Emballage d'exp√©dition bien abim√© mais probablement la poste.,16/05/2024,28/04/2024,LAURENT M.,215,,
1198,2025-04-04 07:07:36.478965+00,3,5,Content d'avoir trouv√© des articles introuvables...,16/05/2024,29/04/2024,CL√âMENCE D.,216,,
1233,2025-04-04 07:07:36.478965+00,3,5,Livraison rapide,16/05/2024,04/05/2024,LAETITIA L.,217,,
1502,2025-04-04 07:07:36.478965+00,3,5,Parfait,16/05/2024,29/04/2024,ALEXANDRIA T.,218,,
1228,2025-04-04 07:07:36.478965+00,3,5,Vraiment au top <br/>Merci encore,13/05/2024,11/05/2024,BERNARD M.,219,,
1223,2025-04-04 07:07:36.478965+00,3,5,tr√®s bon service,11/05/2024,04/05/2024,ROBERT M.,220,,
1240,2025-04-04 07:07:36.478965+00,3,5,Tout a √©t√© tr√®s clair et simple de navigation <br/>Tr√®s bon produit je recommande <br/>Merci,07/05/2024,04/05/2024,FR√âD√âRIQUE W.,221,,
1386,2025-04-04 07:07:36.478965+00,3,5,"Le site peut √™tre am√©lior√©, mais dans l'ensemble ok. J'ai eu deux commandes qui ont √©t√© retourn√©e mais on igbore pk par les douanes. Sinon tr√®s bonne entreprises et bons produits.",07/05/2024,12/04/2024,HORTENSE P.,222,,
1486,2025-04-04 07:07:36.478965+00,3,5,"rapide et serieux , je recommande",01/05/2024,28/04/2024,TH√âR√àSE D.,223,,
1487,2025-04-04 07:07:36.478965+00,3,5,Service Client top. Envoi du mat√©riel en temps et en heure. Conditionnement de la marchandise tr√®s soign√©. <br/>Je recommande vivement ce site et retravaillerai √† l‚Äôavenir avec eux.,01/05/2024,09/03/2024,PATRICK L.,224,,
1260,2025-04-04 07:07:36.478965+00,3,5,command√© et re√ßu le jour m√™me. bravo,30/04/2024,27/04/2024,CLAUDINE G.,225,,
1267,2025-04-04 07:07:36.478965+00,3,5,Rapide et bien emball√©,30/04/2024,18/04/2024,HONOR√â J.,226,,
1256,2025-04-04 07:07:36.478965+00,3,5,Efficace et tr√®s pro.,24/04/2024,21/04/2024,AD√âLA√èDE B.,227,,
1248,2025-04-04 07:07:36.478965+00,3,5,Genial ! Je l‚Äôai depuis hier et je l‚Äôai deja adoptee. Je ne regrette pas mon achat,24/04/2024,22/04/2024,AIM√âE W.,228,,
1252,2025-04-04 07:07:36.478965+00,3,5,Tr√®s bien,22/04/2024,13/04/2024,NICOLAS L.,229,,
1264,2025-04-04 07:07:36.478965+00,3,5,"Site clair, bons produits, livraison rapide.",21/04/2024,15/04/2024,WILLIAM J.,230,,
1253,2025-04-04 07:07:36.478965+00,3,1,Livraison d'un produit ne correspondant pas √† la commande. Deux mois plus tard aucun remboursement ou √©change. A √©viter √† tout prix,15/04/2024,03/02/2024,GR√âGOIRE V.,231,,
1239,2025-04-04 07:07:36.478965+00,3,4,Livraison rapide,05/04/2024,02/03/2024,MATHILDE D.,232,,
1380,2025-04-04 07:07:36.478965+00,3,4,Simplifier la recherche des produits,05/04/2024,02/03/2024,CLAUDE L.,233,,
1431,2025-04-04 07:07:36.478965+00,3,5,Service de tr√®s bonne qualit√© et d'une grande rapidit√©. Je recommande fortement !,05/04/2024,12/03/2024,RAYMOND G.,234,,
1490,2025-04-04 07:07:36.478965+00,3,5,"Professionnels de l‚Äôachat √† la livraison. Le produit r√©pond totalement aux attentes. Enti√®rement satisfait de l‚Äôachat, je recommande et reviendrais avec certitude.",05/04/2024,09/03/2024,√âDOUARD L.,235,,
1491,2025-04-04 07:07:36.478965+00,3,5,livraison tr√®s rapide,05/04/2024,07/03/2024,SUSANNE V.,236,,
1245,2025-04-04 07:07:36.478965+00,3,5,Tr√®s bien,27/03/2024,01/03/2024,SYLVIE P.,237,,
1255,2025-04-04 07:07:36.478965+00,3,5,Tout √©tais super et une livraison tr√®s rapide !!,26/03/2024,04/03/2024,RICHARD B.,238,,
1238,2025-04-04 07:07:36.478965+00,3,5,Bon site s√©rieux professionnelle,26/03/2024,25/02/2024,√âDOUARD V.,239,,
1265,2025-04-04 07:07:36.478965+00,3,5,Les produits distribues sont de haute qualite.<br/>Et les explications donnees permettent de bien choisir.<br/>La commande est simple a effectuer et on est livr√© en temps et en heure.<br/>Societ√© serieuse et professionnel le,26/03/2024,14/03/2024,CHRISTINE R.,240,,
1254,2025-04-04 07:07:36.478965+00,3,5,"Bon accueil , personnel disponible pour le conseil , mat√©riel en stock ce qui a d√©clench√© mon achat , la proximit√© lyonnaise est un plus pour le SAV, je pr√©f√®re travailler avec les entreprises locales",19/03/2024,16/03/2024,JEAN B.,241,,
1246,2025-04-04 07:07:36.478965+00,3,5,Livraison parfaite !,15/03/2024,09/03/2024,MANON L.,242,,
1507,2025-04-04 07:07:36.478965+00,3,5,"enti√®rement satisfaite du site,facilit√© √† passer ma commande,emballage soign√©,livraison rapide.",06/03/2024,02/03/2024,DAVID D.,243,,
1247,2025-04-04 07:07:36.478965+00,3,5,RAS. Envoi rapide et conforme !,02/03/2024,21/02/2024,OLIVIE D.,244,,
1387,2025-04-04 07:07:36.478965+00,3,5,"Site clair, prix attractifs, envoi tr√®s rapide, emballage soign√©. Tout √©tait parfait !",01/03/2024,21/02/2024,√âDOUARD J.,245,,
1243,2025-04-04 07:07:36.478965+00,3,4,J'ai eu du mal √† trouver le site sur lequel commander,28/02/2024,19/02/2024,OLIVIER P.,246,,
1030,2025-04-04 07:07:36.478965+00,3,5,"site clair, prix comp√©titifs et livraison rapide! rien √† redire.",26/02/2024,07/02/2024,ALEXANDRIA J.,247,,
1249,2025-04-04 07:07:36.478965+00,3,5,Parfait,25/02/2024,25/01/2024,ALEXANDRE D.,248,,
1237,2025-04-04 07:07:36.478965+00,3,5,Tr√®s bon service client <br/>Changement de taille sans probl√®me,25/02/2024,30/11/2024,ST√âPHANE L.,249,,
1504,2025-04-04 07:07:36.478965+00,3,5,Tr√®s bien,25/02/2024,16/02/2024,REN√â G.,250,,
1496,2025-04-04 07:07:36.478965+00,3,5,"Ayant d√©j√† command√© il y a quelques ann√©es je suis satisfaite produit de qualit√©, bien emball√©.",25/02/2024,10/02/2024,MICHEL M.,251,,
1492,2025-04-04 07:07:36.478965+00,3,1,"Tr√®s tr√®s mauvais service apr√®s vente, 2 fois erreur de commande et promesse de faire un geste commercial, mais rien jusqu'√† pr√©sent parce qu'ils ont d√©j√† vendu leur produit.",25/02/2024,24/11/2024,J√âR√îME B.,252,,
1241,2025-04-04 07:07:36.478965+00,3,5,Exp√©dition rapide contre signature c‚Äôest top √ßa surtout quand on sait qu‚Äôil y a beaucoup de vol de colis dans les bo√Ætes aux lettres en ce moment. Produit de qualit√© conforme √† la description. Je suis tr√®s satisfaite vraiment !,24/02/2024,09/02/2024,MATTHIEU B.,253,,
1242,2025-04-04 07:07:36.478965+00,3,5,Toujours satisfait des produits sport-protech,24/02/2024,10/02/2024,ANASTASIE L.,254,,
1262,2025-04-04 07:07:36.478965+00,3,5,service rapide et prix attractif,24/02/2024,24/01/2024,YVES V.,255,,
1263,2025-04-04 07:07:36.478965+00,3,5,"Tr√®s bien comme d habitude, commande re√ßue rapidement et tout semble ok. Pas essay√© encore le produit √† ce jour",24/02/2024,08/02/2024,VICTOR M.,256,,
1437,2025-04-04 07:07:36.478965+00,3,4,Pas d'avis.,24/02/2024,15/12/2024,R√âMY F.,257,,
1500,2025-04-04 07:07:36.478965+00,3,5,D√©lai de livraison respect√©,24/02/2024,01/02/2024,GABRIELLE C.,258,,
1250,2025-04-04 07:07:36.478965+00,3,4,Tr√®s bien. Professionnel,08/02/2024,06/02/2024,REN√â A.,259,,
1236,2025-04-04 07:07:36.478965+00,3,5,"Tr√®s bien, tr√®s pro",08/02/2024,06/02/2024,MARIANNE B.,260,,
1346,2025-04-04 07:07:36.478965+00,3,4,"D√©lais de livraison pas respect√©, compr√©hensible en raison du COVID .. juste pr√©venir sur le site",08/02/2024,23/04/2024,MAURICE D.,261,,
1449,2025-04-04 07:07:36.478965+00,3,5,D√©lais  de livraison respect√© commande conforme .,02/02/2024,11/01/2024,NICOLE M.,262,,
1259,2025-04-04 07:07:36.478965+00,3,5,tres bien. Je recommanderai si besoin,30/01/2024,12/01/2024,MICHEL R.,263,,
1251,2025-04-04 07:07:36.478965+00,3,5,"je suis tr√®s contente  de l accueil, des produits et de la rapidit√© du colis.<br/>Cordialement Mme Arcamone",27/01/2024,14/01/2024,BRIGITTE M.,264,,
1258,2025-04-04 07:07:36.478965+00,3,5,Produit top,27/01/2024,14/01/2024,LAETITIA B.,265,,
1244,2025-04-04 07:07:36.478965+00,3,5,Conforme,26/01/2024,12/01/2024,SUSAN G.,266,,
1261,2025-04-04 07:07:36.478965+00,3,5,"bon produit ,d√©lai d'attente tr√®s bon !!",12/01/2024,07/12/2024,ALICE J.,267,,
1257,2025-04-04 07:07:36.478965+00,3,5,R.A.S.,12/01/2024,27/12/2024,CHARLOTTE C.,268,,
1429,2025-04-04 07:07:36.478965+00,3,5,Tout a √©t√© parfait depuis la commande jusqu'√† la livraison,12/01/2024,02/01/2024,ROBERT A.,269,,
1234,2025-04-04 07:07:36.478965+00,3,5,"envoi rapide , site s√©rieux .<br/>Patrice NEVERS",09/01/2024,10/12/2024,ARNAUDE P.,270,,
1235,2025-04-04 07:07:36.478965+00,3,5,R√©actif et sympathique,07/01/2024,29/12/2024,OLIVIE C.,271,,
1266,2025-04-04 07:07:36.478965+00,3,5,"Livraison tr√®s rapide. Un petit bug sur un produit, mais la r√©activit√© du site va me trouver une solution.",07/01/2024,15/12/2024,CHRISTELLE L.,272,,
1278,2025-04-04 07:07:36.478965+00,3,5,J'ai appr√©ci√© d'√™tre appel√©e car la couleur des genouill√®res qui devaient m'√™tre livr√©es √©tait diff√©rente de celle command√©e  il m'a √©t√© demande si je maintenait a commande ou pas,07/01/2024,03/12/2024,√âL√âONORE C.,273,,
1269,2025-04-04 07:07:36.478965+00,3,5,Rien √† redire je recommande,04/01/2024,17/12/2024,LUCY S.,274,,
1274,2025-04-04 07:07:36.478965+00,3,5,site avec du mat√©riel de qualit√© et service ok,02/01/2024,17/12/2024,MARGUERITE T.,275,,
1270,2025-04-04 07:07:36.478965+00,3,5,Ras.,02/01/2024,15/12/2024,SUZANNE P.,276,,
1275,2025-04-04 07:07:36.478965+00,3,5,Produit facile √† trouver. D√©lai de livraison + que raisonnable,02/01/2024,21/12/2024,CATHERINE R.,277,,
1454,2025-04-04 07:07:36.478965+00,3,5,Commande livr√©e rapidement et article emball√© avec soin dans un petit sac ¬´¬†sport-protect¬†¬ª. Id√©al car il s‚Äôagissait d‚Äôun cadeau √† offrir. R√©guli√®rement maintenu au courant par mail de l‚Äôavanc√©e de la livraison. Je recommande vivement ce site.,02/01/2024,14/12/2024,MARC B.,278,,
1488,2025-04-04 07:07:36.478965+00,3,5,Parfait efficace,02/01/2024,13/12/2024,LAURENT M.,279,,
1468,2025-04-04 07:07:36.478965+00,3,5,Tr√®s pro et efficace,27/04/2023,05/04/2023,YVES S.,280,,
1513,2025-04-04 07:07:36.478965+00,3,4,La commande s‚Äôest bien d√©roul√©e.<br/>Juste que j‚Äôavais un sms me signalant que mon colis avait √©t√© livr√© alors que c‚Äôest juste deux heures apr√®s avoir re√ßu le sms que le colis √©tait dans la bo√Æte aux lettres.,27/04/2023,17/04/2023,JULES M.,281,,
867,2025-04-04 07:07:36.478965+00,3,5,"Rapide et facile, tres bien!",26/04/2023,14/04/2023,ALPHONSE D.,282,,
887,2025-04-04 07:07:36.478965+00,3,5,"Malgr√© la rupture de stock Morgann a r√©ussi √† me trouver ce que je cherchais. Service client irr√©prochable, serviable et r√©actif.",26/04/2023,11/04/2023,CAMILLE M.,283,,
861,2025-04-04 07:07:36.478965+00,3,5,Facile a utilisiser,25/04/2023,18/04/2023,OC√âANE P.,284,,
864,2025-04-04 07:07:36.478965+00,3,5,re√ßue rapidement,24/04/2023,18/04/2023,SIMONE L.,285,,
890,2025-04-04 07:07:36.478965+00,3,4,RAS...,24/04/2023,09/04/2023,NATHALIE C.,286,,
845,2025-04-04 07:07:36.478965+00,3,5,Tr√®s bon tapis.,23/04/2023,12/04/2023,LUCIE D.,287,,
889,2025-04-04 07:07:36.478965+00,3,5,Rapide et efficace,23/04/2023,09/04/2023,MARGAUX M.,288,,
848,2025-04-04 07:07:36.478965+00,3,5,"Leurs rameurs  sont de tr√®s bonnes qualit√©s tout comme leur support, ils connaissent  bien leurs produits ainsi que leur travail. Je recommande fortement leur site pour tous les sportifs sans probl√®me üëç",22/04/2023,20/04/2023,EUG√àNE L.,289,,
862,2025-04-04 07:07:36.478965+00,3,5,Parfait et envoi rapide,09/04/2023,30/03/2023,ALEXANDRIA P.,290,,
874,2025-04-04 07:07:36.478965+00,3,5,Facilit√© pour trouver les produits recherch√©s sur le site. Livraison rapide.,06/04/2023,28/03/2023,MICHELLE V.,291,,
1446,2025-04-04 07:07:36.478965+00,3,5,Parfait.,06/04/2023,28/03/2023,GEORGES H.,292,,
855,2025-04-04 07:07:36.478965+00,3,5,Livraison sous 3 jours. Produit conforme.,05/04/2023,27/03/2023,MONIQUE B.,293,,
883,2025-04-04 07:07:36.478965+00,3,5,"Tarif et d√©lais tr√®s bien.. <br/>Service client super.<br/>J'avais re√ßu 1 seul article sur les 2 command√©s,  un appel ou je suis tomb√© sur dame tr√®s sympa qui a r√©gl√© mon probl√®me et 2 jours plus tard je recevais le reliquat de ma commande.",05/04/2023,21/03/2023,GABRIEL D.,294,,
882,2025-04-04 07:07:36.478965+00,3,5,Le top pour la r√©cup sportive. Les meilleurs produits.,31/03/2023,29/03/2023,JULIETTE M.,295,,
877,2025-04-04 07:07:36.478965+00,3,4,"site tr√®s clair, sans probl√®me de navigation.",29/03/2023,01/03/2023,MATHILDE B.,296,,
880,2025-04-04 07:07:36.478965+00,3,4,OK c t bien,27/03/2023,20/02/2023,JOS√âPHINE C.,297,,
870,2025-04-04 07:07:36.478965+00,3,5,RAS.,27/03/2023,15/02/2023,HORTENSE L.,298,,
869,2025-04-04 07:07:36.478965+00,3,3,Pour la commande sa passe,27/03/2023,16/01/2023,BERTRAND C.,299,,
886,2025-04-04 07:07:36.478965+00,3,5,site simple,27/03/2023,16/01/2023,JULIEN L.,300,,
1469,2025-04-04 07:07:36.478965+00,3,5,"Bons conseils par t√©l√©phone, envoi rapide",27/03/2023,30/01/2023,MARINE M.,301,,
1464,2025-04-04 07:07:36.478965+00,3,4,TRES BIEN,20/03/2023,08/03/2023,MONIQUE R.,302,,
850,2025-04-04 07:07:36.478965+00,3,5,Livraison rapide et emballage soign√©. Tr√®s satisfaite de mon tapis marche/course.,19/03/2023,21/02/2023,ALICE B.,303,,
858,2025-04-04 07:07:36.478965+00,3,5,Site fiable. Parfait.,19/03/2023,28/12/2022,GR√âGOIRE V.,304,,
854,2025-04-04 07:07:36.478965+00,3,5,Rapide pr√©cis et efficace,19/03/2023,29/01/2023,ANTOINE L.,305,,
866,2025-04-04 07:07:36.478965+00,3,4,Furufu,19/03/2023,06/03/2023,FR√âD√âRIC C.,306,,
878,2025-04-04 07:07:36.478965+00,3,5,Rapide et efficace,19/03/2023,05/02/2023,√âRIC R.,307,,
857,2025-04-04 07:07:36.478965+00,3,5,Au top <br/>Merci ...,18/03/2023,24/01/2023,MARTIN R.,308,,
865,2025-04-04 07:07:36.478965+00,3,5,"tres bons conseils, equipe reactive et qui repond au tel .",17/03/2023,21/02/2023,ISAAC S.,309,,
875,2025-04-04 07:07:36.478965+00,3,1,"Contact nul, r√©ponse inexistante, mat√©riel inappropri√©, je recommande pas du tout",17/03/2023,22/01/2023,MONIQUE S.,310,,
847,2025-04-04 07:07:36.478965+00,3,5,"J'ai re√ßu mon v√©lo ergo tr√®s rapidement, bonne qualit√©.",17/03/2023,28/01/2023,ALAIN C.,311,,
859,2025-04-04 07:07:36.478965+00,3,5,"Envoi rapide, produits conforme aux descriptifs",17/03/2023,03/01/2023,NATHALIE C.,312,,
856,2025-04-04 07:07:36.478965+00,3,5,Commande vite arriv√©e. Site agr√©able. Produit conforme √† l'attente,17/03/2023,17/01/2023,PIERRE T.,313,,
871,2025-04-04 07:07:36.478965+00,3,5,Commande conforme !!,17/03/2023,26/01/2023,√âMILIE T.,314,,
876,2025-04-04 07:07:36.478965+00,3,5,Excellent site. S√©rieux et efficace.,17/03/2023,24/02/2023,AGATHE A.,315,,
868,2025-04-04 07:07:36.478965+00,3,5,Tr√®s bien !,17/03/2023,23/02/2023,CLAUDINE H.,316,,
873,2025-04-04 07:07:36.478965+00,3,5,Livraison rapide,17/03/2023,27/01/2023,AIM√â L.,317,,
888,2025-04-04 07:07:36.478965+00,3,5,Clair.,17/03/2023,16/02/2023,ALEX A.,318,,
885,2025-04-04 07:07:36.478965+00,3,5,Tr√®s s√©rieux. <br/>R√©ception rapide et produit de qualit√©.,17/03/2023,12/02/2023,GR√âGOIRE M.,319,,
879,2025-04-04 07:07:36.478965+00,3,5,Super,15/03/2023,07/03/2023,MARTINE M.,320,,
863,2025-04-04 07:07:36.478965+00,3,5,"Simple pour commander, livraison respect√©e.  Satisfaite de l'article que j'ai command√©.",15/03/2023,08/03/2023,LAETITIA J.,321,,
1416,2025-04-04 07:07:36.478965+00,3,5,"Site tr√®s s√©rieux, les chaussettes n‚Äô√©taient pas disponible avant 15jours , ils m‚Äôont propos√© la gamme au dessus qui √©t√© disponible. Re√ßu rapidement <br/>Tr√®s bon produit.",15/03/2023,06/03/2023,√âMILE D.,322,,
881,2025-04-04 07:07:36.478965+00,3,5,"Parfait : envoie rapide et produit de qualit√©. J'ai command√© des chevill√®res ZAMST, devenu difficile d'acc√®s",12/03/2023,24/02/2023,DANIELLE L.,323,,
860,2025-04-04 07:07:36.478965+00,3,5,Parfait et rapide üëèüëèüëç,10/03/2023,07/03/2023,EMMANUELLE J.,324,,
851,2025-04-04 07:07:36.478965+00,3,5,"Kit conforme, service client r√©actif. Top !",09/03/2023,27/02/2023,MAURICE B.,325,,
852,2025-04-04 07:07:36.478965+00,3,5,"Ensemble arriv√© dans les temps, pour ,on √©chauffement !",06/03/2023,01/03/2023,RAYMOND M.,326,,
884,2025-04-04 07:07:36.478965+00,3,5,Tr√®s bien,11/02/2023,30/01/2023,√âMILIE B.,327,,
933,2025-04-04 07:07:36.478965+00,3,5,J'ai bien re√ßu mes produits et ils sont tr√®s bien pour moi,05/02/2023,14/01/2023,CHRISTOPHE C.,328,,
936,2025-04-04 07:07:36.478965+00,3,4,excellent site,01/02/2023,08/01/2023,BENO√éT J.,329,,
1414,2025-04-04 07:07:36.478965+00,3,5,Bien tt re√ßu en temps et en heure <br/>Prix attractif <br/>S√©rieux,01/02/2023,14/01/2023,GILBERT B.,330,,
927,2025-04-04 07:07:36.478965+00,3,5,Super!!,26/01/2023,10/01/2023,MARTIN L.,331,,
925,2025-04-04 07:07:36.478965+00,3,2,Pas facile de naviguer et trouver les produits. Confusion avec d'autres sites,26/01/2023,10/01/2023,HUGUES L.,332,,
1511,2025-04-04 07:07:36.478965+00,3,5,Toujours tr√®s r√©actif et des produits qualit√©s !,26/01/2023,23/01/2023,GEORGES L.,333,,
891,2025-04-04 07:07:36.478965+00,3,5,"site tr√®s interessant avec de tr√®s bons √©quipements, et service commercial au top",18/01/2023,26/10/2022,AD√âLA√èDE G.,334,,
905,2025-04-04 07:07:36.478965+00,3,5,je recommande,18/01/2023,13/01/2023,JOS√âPHINE B.,335,,
930,2025-04-04 07:07:36.478965+00,3,5,Rapidit√© de livraison et prix int√©ressants .,18/01/2023,12/01/2023,GUILLAUME L.,336,,
935,2025-04-04 07:07:36.478965+00,3,5,"Bien conseill√©e au t√©l√©phone, livraison rapide",18/01/2023,10/01/2023,MARIE G.,337,,
919,2025-04-04 07:07:36.478965+00,3,5,Parfait,18/01/2023,11/01/2023,G√âRARD D.,338,,
916,2025-04-04 07:07:36.478965+00,3,5,Livraison rapide,18/01/2023,05/01/2023,JULES C.,339,,
926,2025-04-04 07:07:36.478965+00,3,5,Tr√®s pro et super conseil,18/01/2023,16/01/2023,GENEVI√àVE M.,340,,
937,2025-04-04 07:07:36.478965+00,3,5,"Bonjour, satisfait de ma commande. Rien √† signaler :)",18/01/2023,06/01/2023,AUGUSTIN P.,341,,
907,2025-04-04 07:07:36.478965+00,3,5,Parfait,08/01/2023,16/12/2022,PIERRE R.,342,,
917,2025-04-04 07:07:36.478965+00,3,5,Parfait ! 4eme commande pass√© Vendredi et livr√© le Lundi suivant.<br/><br/>Tr√®s professionnel ;) .,08/01/2023,30/12/2022,AD√àLE G.,343,,
894,2025-04-04 07:07:36.478965+00,3,5,"produit conforme √† la commande ,livraison rapide",08/01/2023,17/12/2022,C√âLINA M.,344,,
914,2025-04-04 07:07:36.478965+00,3,4,Tr√®s bien,08/01/2023,22/12/2022,CL√âMENCE V.,345,,
901,2025-04-04 07:07:36.478965+00,3,3,"Command√© chaussettes noires et re√ßues blanches!‚Ä¶.non renvoy√©es car d√©lai de livraison assez long , re√ßues apr√®s no√´l!",08/01/2023,15/12/2022,GABRIELLE C.,346,,
921,2025-04-04 07:07:36.478965+00,3,5,"J‚Äôai choisi votre site en tenant compte des avis sur le net  , le produit est conforme , le port et le prix des mieux plac√©s , la livraison dans les d√©lais annonc√©s . Au del√† du produit c‚Äôest votre site que je recommande. Merci",08/01/2023,21/12/2022,CHANTAL M.,347,,
931,2025-04-04 07:07:36.478965+00,3,4,La livraison a √©t√© un peux compliqu√©‚Ä¶ mais c‚Äôest bien arriv√©.,08/01/2023,19/11/2022,DAVID A.,348,,
928,2025-04-04 07:07:36.478965+00,3,5,Jamais d√©√ßu!,08/01/2023,06/01/2023,√âL√âONORE A.,349,,
913,2025-04-04 07:07:36.478965+00,3,5,"Bonne consultation sur le site, d√©lai et prix tr√®s corrects",08/01/2023,20/12/2022,ADRIEN M.,350,,
932,2025-04-04 07:07:36.478965+00,3,5,"Tr√®s bien, juste le paiement via paypal qui a pris trop de temps. Je ne sais pas si clest la faute du site ou de Paypal.  Mais suite √† cela site et employ√©s tr√®s r√©actif et des personnes qui s‚Äôoccupent de vous. J‚Äôai re√ßu l‚Äôarticle avant no√´l donc c'est parfait.",08/01/2023,17/12/2022,√âMILE L.,351,,
1481,2025-04-04 07:07:36.478965+00,3,5,Tr√®s bien.<br/>Conseil minimaliste sur l'utilisation du produit,08/01/2023,21/12/2022,BRIGITTE M.,352,,
1510,2025-04-04 07:07:36.478965+00,3,5,Super bien facile √† faire.,01/01/2023,19/12/2022,VICTOR B.,353,,
897,2025-04-04 07:07:36.478965+00,3,5,Rapide efficace,31/12/2022,10/12/2022,NO√âMI B.,354,,
908,2025-04-04 07:07:36.478965+00,3,5,Tout est parfait,29/12/2022,14/12/2022,PHILIPPINE B.,355,,
918,2025-04-04 07:07:36.478965+00,3,5,"Tr√®s bien, service impeccable, soigneux et attentif. Je recommande !",28/12/2022,22/12/2022,C√âCILE L.,356,,
896,2025-04-04 07:07:36.478965+00,3,5,"Je recommande christopeit france, site fiable ont peu faire confiance, j'ai attendu plus de temps pour la livraison car le produit √©tait en rupture de stock. Je suis contente de mon achat. Merci",27/12/2022,25/11/2022,GILLES G.,357,,
898,2025-04-04 07:07:36.478965+00,3,5,"Re√ßu rapidement, produits conformes √† la description.",27/12/2022,07/12/2022,CHRISTOPHE T.,358,,
902,2025-04-04 07:07:36.478965+00,3,5,Ras tout √† √©t√© respecte,26/12/2022,05/12/2022,JEANNE L.,359,,
895,2025-04-04 07:07:36.478965+00,3,5,Parfait et tr√®s rapide,26/12/2022,22/12/2022,NATHALIE F.,360,,
900,2025-04-04 07:07:36.478965+00,3,5,RAS.,26/12/2022,01/12/2022,JACQUES O.,361,,
910,2025-04-04 07:07:36.478965+00,3,5,Super pour trouver le cadeau id√©al!!,26/12/2022,23/12/2022,SUSANNE M.,362,,
909,2025-04-04 07:07:36.478965+00,3,5,Super box pour No√´l,26/12/2022,23/12/2022,EUG√àNE C.,363,,
903,2025-04-04 07:07:36.478965+00,3,4,Livraison rapide,26/12/2022,05/12/2022,HENRIETTE A.,364,,
923,2025-04-04 07:07:36.478965+00,3,5,"tout fut parfait, d√©lais livraison, emballage et qualit√© des articles, merci beaucoup",26/12/2022,16/12/2022,ST√âPHANIE G.,365,,
1406,2025-04-04 07:07:36.478965+00,3,5,rass,26/12/2022,09/12/2022,THIBAULT L.,366,,
1413,2025-04-04 07:07:36.478965+00,3,5,Sans objet,23/12/2022,08/12/2022,ANDR√âE T.,367,,
892,2025-04-04 07:07:36.478965+00,3,5,"Tr√®s satisfaite suivi du colis et livraison tr√®s rapide, j'adore mon v√©lo ax3000",22/12/2022,14/12/2022,LAURENT M.,368,,
912,2025-04-04 07:07:36.478965+00,3,5,Tr√®s fonctionnel,22/12/2022,06/12/2022,MARGAUX L.,369,,
922,2025-04-04 07:07:36.478965+00,3,5,Envoi extr√™mement rapide <br/>Bon produit,22/12/2022,07/12/2022,AUGUSTIN P.,370,,
915,2025-04-04 07:07:36.478965+00,3,5,tr√®s bien,22/12/2022,14/12/2022,LORRAINE B.,371,,
920,2025-04-04 07:07:36.478965+00,3,5,Parfait !,22/12/2022,11/12/2022,CHRISTELLE J.,372,,
899,2025-04-04 07:07:36.478965+00,3,5,Tr√®s bien renseign√©. Super r√©activit√©. Commande re√ßue en 24h. Parfait !,22/12/2022,15/12/2022,AUR√âLIE V.,373,,
934,2025-04-04 07:07:36.478965+00,3,4,livraison ok,22/12/2022,05/12/2022,JEAN F.,374,,
906,2025-04-04 07:07:36.478965+00,3,5,Simple et rapide en livraison,22/12/2022,13/12/2022,ANNE C.,375,,
924,2025-04-04 07:07:36.478965+00,3,5,"commande arriv√©e tr√®s rapidement !!! en plus le produit command√© plus en stock, on m'a appel√© pour me proposer le mod√®le sup√©rieur de chaussettes au m√™me prix et envoy√© directement d√®s l'apr√®s-midi m√™me !!! super r√©actif le service",22/12/2022,13/12/2022,JEANNE R.,376,,
904,2025-04-04 07:07:36.478965+00,3,5,J'ai √©t√© au re√ßu au showroom o√π j'ai pu b√©n√©ficier de nombreux conseils ...<br/>Tres bonne experience .<br/>Je recommande ;),16/12/2022,12/12/2022,MICH√àLE P.,377,,
1394,2025-04-04 07:07:36.478965+00,3,1,Bonjour<br/>J'ai fait une r√©clamation et vous m'envoyez l'enqu√™te de satisfaction sans avoir r√©pondu √† ma demande de retour.<br/>Soyez r√©actif pour mon √©change o√π retour et renvoyez moi une enqu√™te,16/12/2022,30/11/2022,MADELEINE P.,378,,
946,2025-04-04 07:07:36.478965+00,3,5,"Tr√®s bien, service impeccable, soigneux et attentif. Je recommande !",09/12/2022,02/12/2022,JOS√âPHINE D.,379,,
978,2025-04-04 07:07:36.478965+00,3,5,"Tr√®s bien, bonne accessibilit√© et bons produits",09/12/2022,07/12/2022,YVES C.,380,,
954,2025-04-04 07:07:36.478965+00,3,5,"Bien, tr√®s r√©actif.",07/12/2022,23/11/2022,IN√àS N.,381,,
938,2025-04-04 07:07:36.478965+00,3,5,Tapis au top pour la pratique du rugby!<br/>Envoi rapide.,07/12/2022,17/11/2022,DOMINIQUE F.,382,,
970,2025-04-04 07:07:36.478965+00,3,5,Tr√®s bons conseils et supers produits. Je recommande!,07/12/2022,29/11/2022,JULIETTE V.,383,,
980,2025-04-04 07:07:36.478965+00,3,4,site interessant avec de bon produit et serieux,07/12/2022,19/11/2022,CHRISTELLE L.,384,,
974,2025-04-04 07:07:36.478965+00,3,5,tr√®s bien,07/12/2022,10/11/2022,CONSTANCE A.,385,,
976,2025-04-04 07:07:36.478965+00,3,5,livr√© rapidement,07/12/2022,22/11/2022,THIBAULT D.,386,,
977,2025-04-04 07:07:36.478965+00,3,5,Livraison tr√®s rapide et bien emball√©e. Je suis tr√®s satisfaite.,07/12/2022,19/11/2022,MARCEL L.,387,,
1408,2025-04-04 07:07:36.478965+00,3,5,....,07/12/2022,25/11/2022,MAURICE C.,388,,
1404,2025-04-04 07:07:36.478965+00,3,5,super,07/12/2022,22/11/2022,ADRIEN D.,389,,
1462,2025-04-04 07:07:36.478965+00,3,3,"Rien √† redire sur les services et la commande, par contre produit mal prot√©g√© et arriv√© cass√©. Suite √† r√©clamation, il a √©t√© √©chang√©, parfait pour moi, sauf qu'il est de nouveau arriv√© abim√©. Bo√Æte fendue. Donc, revoir s√©rieusement l'emballage et la protection des produits. Il s'agissait de bo√Æte d'argile froide.",07/12/2022,17/08/2022,OC√âANE B.,390,,
964,2025-04-04 07:07:36.478965+00,3,5,Produit tr√®s bien ...juste petit b√©mol sur la livraison  pas re√ßu au bon endroit,30/11/2022,11/11/2022,OLIVIER G.,391,,
957,2025-04-04 07:07:36.478965+00,3,5,r√©ception conforme,30/11/2022,13/11/2022,√âLODIE V.,392,,
965,2025-04-04 07:07:36.478965+00,3,5,Livraison dans les d√©lais annonc√©s. Gel efficace.  Rapport qualit√© prix parfait.,30/11/2022,05/10/2022,√âMILE V.,393,,
950,2025-04-04 07:07:36.478965+00,3,4,Tr√®s bien,29/11/2022,14/10/2022,NICOLE B.,394,,
961,2025-04-04 07:07:36.478965+00,3,3,"Un excellent produit, cependant il ne correspondait pas au attente de mon fils, Lors de la commande, il serait int√©ressant d‚Äôindiquer les frais de douane ‚Ä¶.. merci",29/11/2022,27/09/2022,LUCIE H.,395,,
966,2025-04-04 07:07:36.478965+00,3,5,Parfait en tout point. Merci,29/11/2022,08/11/2022,NICOLAS B.,396,,
943,2025-04-04 07:07:36.478965+00,3,5,Top rien √† dire,29/11/2022,16/11/2022,√âTIENNE P.,397,,
958,2025-04-04 07:07:36.478965+00,3,5,"Commande pass√©e le vendredi re√ßu en bon √©tat le lundi. Tr√®s content de la qualit√© des produits et de la rapidit√© de l'envoie, comme √† chaques fois!",29/11/2022,04/09/2022,CLAIRE V.,398,,
969,2025-04-04 07:07:36.478965+00,3,5,Meilleur site pour les appareils,29/11/2022,25/08/2022,ALAIN C.,399,,
972,2025-04-04 07:07:36.478965+00,3,5,Livraison rapide et conforme,29/11/2022,14/11/2022,DENIS J.,400,,
1407,2025-04-04 07:07:36.478965+00,3,5,Aucun souci pour naviguer sur le site <br/>Prise de commande et d√©lai de livraison rapide <br/>Colis parfait avec un super emballage du produit,29/11/2022,11/11/2022,LUCY B.,401,,
1516,2025-04-04 07:07:36.478965+00,3,5,parfait conforme √† la demande.,29/11/2022,04/09/2022,BRIGITTE P.,402,,
960,2025-04-04 07:07:36.478965+00,3,5,Vers good,27/11/2022,14/11/2022,ST√âPHANE P.,403,,
944,2025-04-04 07:07:36.478965+00,3,5,Rapide .,27/11/2022,16/11/2022,ADRIEN T.,404,,
973,2025-04-04 07:07:36.478965+00,3,5,Site facile envoi rapide,27/11/2022,09/11/2022,HUGUES M.,405,,
979,2025-04-04 07:07:36.478965+00,3,5,Super site tr√®s didactique et simple d‚Äôutilisation,27/11/2022,14/11/2022,ROGER A.,406,,
981,2025-04-04 07:07:36.478965+00,3,1,"J'ai re√ßu le mauvais article. Apr√®s avoir √©crit un mail pour dire l'erreur, je n'ai jamais eu de r√©ponse",27/11/2022,08/11/2022,AUDREY M.,407,,
1428,2025-04-04 07:07:36.478965+00,3,5,"Livraison rapide en 48h <br/>Conforme √† la description mais surtout fonctionne √† merveilles, je ressens moins les douleurs d√®s que je le porte pour pratiquer du sport. Je recommande",27/11/2022,07/11/2022,MAGGIE B.,408,,
1405,2025-04-04 07:07:36.478965+00,3,5,Excellent produit,15/11/2022,02/11/2022,ANASTASIE F.,409,,
952,2025-04-04 07:07:36.478965+00,3,5,tres bon site,14/11/2022,08/11/2022,CHANTAL M.,410,,
955,2025-04-04 07:07:36.478965+00,3,5,Recherche facile et informations d√©taill√©es sur les produits,11/11/2022,19/10/2022,ALEXANDRE R.,411,,
956,2025-04-04 07:07:36.478965+00,3,5,Tr√®s tr√®s bien,11/11/2022,26/10/2022,THIBAULT B.,412,,
948,2025-04-04 07:07:36.478965+00,3,5,D√©lais de livraison respect√©s,11/11/2022,26/10/2022,ALEXANDRIE G.,413,,
942,2025-04-04 07:07:36.478965+00,3,5,Bon accueil et prise en charge des demandes dans une bonne ambiance d√©tendue.,11/11/2022,09/11/2022,ALEXANDRE D.,414,,
947,2025-04-04 07:07:36.478965+00,3,5,Livraison rapide <br/>Vendeur tr√®s r√©actif,11/11/2022,25/10/2022,GABRIEL D.,415,,
962,2025-04-04 07:07:36.478965+00,3,5,Service + Service client au top de vrai professionnel,11/11/2022,20/10/2022,AIM√â N.,416,,
963,2025-04-04 07:07:36.478965+00,3,4,Rien √† signaler<br/>Tout est OK,11/11/2022,28/10/2022,SOPHIE G.,417,,
968,2025-04-04 07:07:36.478965+00,3,5,"Envoi rapide, bien proteger dans un carton, pdt correspondant √† la description.",11/11/2022,29/10/2022,ST√âPHANE B.,418,,
971,2025-04-04 07:07:36.478965+00,3,5,Tr√®s bon produit..site tr√®s s√©rieux avec un suivi de la progression de la commande..jusqu'√† la prise en charge de colissimo qui eux pas la m√™me chose ne livre pas en tant et en heure..<br/>A bient√¥t pour ma.prochaine commande merci pour votre professionnalisme,11/11/2022,02/11/2022,ALEXANDRIE M.,419,,
982,2025-04-04 07:07:36.478965+00,3,5,equipe commerciale tr√®s agr√©able et de tr√®s bon conseil <br/>je recommande <br/>David . A,11/11/2022,02/11/2022,MICHELLE G.,420,,
1381,2025-04-04 07:07:36.478965+00,3,4,D√©lais de livraison 6jours il faut bien pr√©voir ce d√©lais .,11/11/2022,26/10/2022,VINCENT D.,421,,
1451,2025-04-04 07:07:36.478965+00,3,3,"50% de la commande livr√©e apres relance t√©l√©phonique , j'attends toujours les 50% restant alors que la commande est indiqu√©e comme exp√©di√©e sur leur site",11/11/2022,19/10/2022,BENJAMIN B.,422,,
967,2025-04-04 07:07:36.478965+00,3,4,"Site pratique, bien fait",02/11/2022,17/10/2022,HENRI T.,423,,
975,2025-04-04 07:07:36.478965+00,3,5,Au top!,02/11/2022,14/10/2022,BENJAMIN B.,424,,
1396,2025-04-04 07:07:36.478965+00,3,5,Toujours un service et une livraison au top ! Merci encore christopeit france,02/11/2022,25/10/2022,LUCY L.,425,,
945,2025-04-04 07:07:36.478965+00,3,5,Facile d‚Äôacc√®s. a description des produits est tr√®s bien faite.,02/11/2022,15/10/2022,JEANNE M.,426,,
949,2025-04-04 07:07:36.478965+00,3,4,TRES BIEN,30/10/2022,13/10/2022,ROGER G.,427,,
959,2025-04-04 07:07:36.478965+00,3,5,Tr√®s satisfaite du produit merci,29/10/2022,23/10/2022,TH√âODORE C.,428,,
1009,2025-04-04 07:07:36.478965+00,3,5,"Livraison rapide, efficacit√© du produit on ressent les effets imm√©diatement je suis content d‚Äôavoir acheter ce produit",29/10/2022,15/10/2022,MAURICE D.,429,,
1029,2025-04-04 07:07:36.478965+00,3,4,Je m attendais √† mieux pour les produits. Livraison rapide,29/10/2022,12/10/2022,ROBERT L.,430,,
996,2025-04-04 07:07:36.478965+00,3,5,"Rapide ! Le produit est tr√®s confortable et maintien tr√®s bien les adducteurs. A l'effort, il √©vacue correctement la transpiration. Bon rapports qualit√© prix",29/10/2022,17/10/2022,ALICE F.,431,,
1006,2025-04-04 07:07:36.478965+00,3,5,site produit et livraison parfaite,29/10/2022,23/10/2022,SIMONE B.,432,,
1016,2025-04-04 07:07:36.478965+00,3,5,professionnel et r√©actif,26/10/2022,18/10/2022,RICHARD M.,433,,
1011,2025-04-04 07:07:36.478965+00,3,5,Site tr√®s s√©rieux super rapide je recommande +++++,21/10/2022,16/09/2022,√âL√âONORE J.,434,,
1002,2025-04-04 07:07:36.478965+00,3,5,Magnifique et super accueil. <br/>Merci,07/10/2022,04/10/2022,GUILLAUME P.,435,,
1515,2025-04-04 07:07:36.478965+00,3,5,Site facile √† naviguer,06/10/2022,16/09/2022,CATHERINE M.,436,,
1467,2025-04-04 07:07:36.478965+00,3,5,"Produit conforme √† ce que je souhaitais, et livraison rapide en 48h.",06/10/2022,26/09/2022,THIBAUT R.,437,,
1025,2025-04-04 07:07:36.478965+00,3,5,tout ok,05/10/2022,21/09/2022,SUZANNE B.,438,,
1013,2025-04-04 07:07:36.478965+00,3,5,transaction sans probl√®me,03/10/2022,26/09/2022,ZACHARIE D.,439,,
1020,2025-04-04 07:07:36.478965+00,3,5,Une √©quipe accueillante et tr√®s professionnelle ;),27/09/2022,20/09/2022,CLAIRE D.,440,,
989,2025-04-04 07:07:36.478965+00,3,5,Livraison rapude rien a redire je connaissai le produit,27/09/2022,07/09/2022,SUSAN M.,441,,
1028,2025-04-04 07:07:36.478965+00,3,5,Bon site,27/09/2022,12/09/2022,MICHEL L.,442,,
1008,2025-04-04 07:07:36.478965+00,3,5,Service g√©nial,26/09/2022,20/09/2022,DANIEL R.,443,,
1465,2025-04-04 07:07:36.478965+00,3,4,V√©lo facile √† prendre en main. Bonne durabilit√© !,26/09/2022,13/09/2022,GR√âGOIRE C.,444,,
997,2025-04-04 07:07:36.478965+00,3,5,Tr√®s bien et rapide aucun probl√®me  je recommande ce site,24/09/2022,10/09/2022,NO√âMI M.,445,,
1022,2025-04-04 07:07:36.478965+00,3,5,"Professionnel et sympathique, allez y les yeux ferm√©s",24/09/2022,03/09/2022,MARTINE C.,446,,
983,2025-04-04 07:07:36.478965+00,3,5,Parfait site pour s'√©quiper en √©quipements pour domicile,23/09/2022,09/09/2022,C√âCILE L.,447,,
1000,2025-04-04 07:07:36.478965+00,3,5,"Un site recommandable, des interlocuteurs et des produits de qualit√©",23/09/2022,13/09/2022,CHANTAL L.,448,,
1007,2025-04-04 07:07:36.478965+00,3,5,pas d'avis,23/09/2022,14/09/2022,FRAN√áOIS M.,449,,
1390,2025-04-04 07:07:36.478965+00,3,5,"Facile d'utilisation , je le conseille √† mes amis qui pratique du sport individuel ou collectif",23/09/2022,07/09/2022,DIANE H.,450,,
1399,2025-04-04 07:07:36.478965+00,3,5,Simple efficace,23/09/2022,21/09/2022,TH√âR√àSE G.,451,,
1010,2025-04-04 07:07:36.478965+00,3,5,"Top, clair, rapide efficace et bon produit",12/09/2022,06/09/2022,VIRGINIE H.,452,,
1393,2025-04-04 07:07:36.478965+00,3,5,Tr√®s bien,12/09/2022,09/09/2022,√âL√âONORE P.,453,,
1004,2025-04-04 07:07:36.478965+00,3,5,Je recommanderais certainement √† l‚Äôavenir !,05/09/2022,26/08/2022,MAGGIE M.,454,,
992,2025-04-04 07:07:36.478965+00,3,5,Entreprise √† l √©coute. √âchange de produit suite probl√®me de taille sans souci,02/09/2022,24/08/2022,SUSAN A.,455,,
1015,2025-04-04 07:07:36.478965+00,3,5,Top √©quipement !,25/08/2022,21/08/2022,REN√âE B.,456,,
1466,2025-04-04 07:07:36.478965+00,3,5,Tr√®s belle prestation je reviendrais pour commander,20/08/2022,18/08/2022,PHILIPPE F.,457,,
1026,2025-04-04 07:07:36.478965+00,3,5,Au top,19/08/2022,09/08/2022,CHARLES R.,458,,
1001,2025-04-04 07:07:36.478965+00,3,5,Service client incroyable ! Rapidit√© de livraison !! Super produit,05/08/2022,01/08/2022,ST√âPHANE F.,459,,
984,2025-04-04 07:07:36.478965+00,3,5,"Bone halt√®re, arriv√© dans les temps avec la prise en charge par r√©f√©rence halt√®re",03/08/2022,22/07/2022,CAMILLE F.,460,,
1014,2025-04-04 07:07:36.478965+00,3,5,Tres content du service üëçüèΩ,01/08/2022,26/07/2022,√âDOUARD D.,461,,
985,2025-04-04 07:07:36.478965+00,3,5,V√©lo correspondant tout √† fait √† mes attentes et √† la description. Service parfait. Je recommande √† 200%!,28/07/2022,25/07/2022,LOUISE L.,462,,
1003,2025-04-04 07:07:36.478965+00,3,5,Excellent produit .<br/>Livraison conforme,17/07/2022,01/07/2022,MICHEL D.,463,,
990,2025-04-04 07:07:36.478965+00,3,5,C'est juste parfait on peut les r√©gler comme on veut. Le seul point n√©gatif c'est la difficult√© √† les retirer du pied m√™me en les desserrant √† fond. Il faut juste s'y prendre un peu √† l'avance pour se pr√©parer,17/07/2022,27/06/2022,HORTENSE A.,464,,
1459,2025-04-04 07:07:36.478965+00,3,5,parfait,14/07/2022,04/07/2022,G√âRARD K.,465,,
993,2025-04-04 07:07:36.478965+00,3,5,"Malgr√© un petit souci de connexion au site, et avec le concourt du professionnalisme de mon interlocuteur.<br/>Je dis c'est top",13/07/2022,02/07/2022,YVES L.,466,,
991,2025-04-04 07:07:36.478965+00,3,5,Top !,13/07/2022,05/07/2022,LORRAINE C.,467,,
999,2025-04-04 07:07:36.478965+00,3,5,√âxelant,10/07/2022,16/06/2022,ADRIEN J.,468,,
1463,2025-04-04 07:07:36.478965+00,3,5,Super service,09/07/2022,23/06/2022,ADRIEN P.,469,,
998,2025-04-04 07:07:36.478965+00,3,5,Livraison rapide et sans erreur,08/07/2022,23/06/2022,VICTOIRE R.,470,,
995,2025-04-04 07:07:36.478965+00,3,5,satisfait,07/07/2022,20/06/2022,OLIVIE H.,471,,
1019,2025-04-04 07:07:36.478965+00,3,5,Tr√®s facile √† consulter. Et produit trouv√© sans difficult√©.,05/07/2022,22/06/2022,JOSEPH R.,472,,
1018,2025-04-04 07:07:36.478965+00,3,4,Un service apr√®s vente tr√®s r√©actif! Parfait,03/07/2022,19/03/2022,CATHERINE R.,473,,
1024,2025-04-04 07:07:36.478965+00,3,5,top!,30/06/2022,24/06/2022,MARCEL M.,474,,
1027,2025-04-04 07:07:36.478965+00,3,5,top!,30/06/2022,24/06/2022,GENEVI√àVE M.,475,,
994,2025-04-04 07:07:36.478965+00,3,5,"conviviale, clair",22/06/2022,10/06/2022,ANOUK R.,476,,
988,2025-04-04 07:07:36.478965+00,3,5,C‚Äôest parfait,21/06/2022,10/06/2022,THIERRY C.,477,,
1021,2025-04-04 07:07:36.478965+00,3,5,Le gel circulatoire √† froid est d‚Äôune belle efficacit√© contre mon algodystrophie,21/06/2022,09/06/2022,ANDR√âE D.,478,,
1012,2025-04-04 07:07:36.478965+00,3,5,Deuxi√®me commande et tjrs tr√®s satisfaisant !,21/06/2022,13/06/2022,REN√â H.,479,,
1005,2025-04-04 07:07:36.478965+00,3,5,Tr√®s bon produit,20/06/2022,12/06/2022,GUILLAUME G.,480,,
1023,2025-04-04 07:07:36.478965+00,3,5,Rien a dire sur la livraison je recommande,17/06/2022,30/05/2022,CHRISTOPHE L.,481,,
1017,2025-04-04 07:07:36.478965+00,3,5,tres rapide et correct,14/06/2022,05/06/2022,ALEX L.,482,,
1397,2025-04-04 07:07:36.478965+00,3,5,Service et produits au top.,12/06/2022,10/06/2022,MARGUERITE R.,483,,
1402,2025-04-04 07:07:36.478965+00,3,5,Action r√©action!<br/>Top!<br/>livraison en 24h!<br/>Accueil irr√©prochable:-),06/06/2022,24/05/2022,CAPUCINE M.,484,,
1048,2025-04-04 07:07:36.478965+00,3,5,"Site clair, livraison ultra-rapide : rien √† redire c‚Äôest parfait",02/06/2022,26/05/2022,MICHEL B.,485,,
1039,2025-04-04 07:07:36.478965+00,3,5,Livraison rapide,26/05/2022,18/05/2022,ALICE F.,486,,
1058,2025-04-04 07:07:36.478965+00,3,5,Aucun souci,26/05/2022,08/05/2022,V√âRONIQUE W.,487,,
1483,2025-04-04 07:07:36.478965+00,3,5,livraison rapide,23/05/2022,11/05/2022,√âMILIE F.,488,,
1035,2025-04-04 07:07:36.478965+00,3,5,Super site internet,20/05/2022,02/05/2022,MARYSE D.,489,,
1055,2025-04-04 07:07:36.478965+00,3,5,Tout est bien expliqu√© et l‚Äôaccueil t√©l√©phonique est parfait,20/05/2022,08/05/2022,NICOLAS P.,490,,
1061,2025-04-04 07:07:36.478965+00,3,5,"Je n'ai jamais re√ßu le collisimo, par faute de la poste. Mais le site m'a appeller d√®s mon signalement et ma aider √† trouver une solution :) Merci √† eux!",20/05/2022,09/05/2022,GENEVI√àVE R.,491,,
1065,2025-04-04 07:07:36.478965+00,3,5,Site ayant des offres qui r√©pondent √† de nombreux besoins.,20/05/2022,03/05/2022,TIMOTH√âE P.,492,,
1043,2025-04-04 07:07:36.478965+00,3,5,Commender rapidement expediee RAS,19/05/2022,02/05/2022,ANDR√â B.,493,,
1395,2025-04-04 07:07:36.478965+00,3,5,rien a redire,19/05/2022,02/05/2022,V√âRONIQUE B.,494,,
1482,2025-04-04 07:07:36.478965+00,3,5,super et tr√®s pratique,12/05/2022,05/05/2022,TH√âODORE L.,495,,
1412,2025-04-04 07:07:36.478965+00,3,5,"Tr√®s bien. Livraison rapide, m√™me pour les DOM.",08/05/2022,26/02/2022,MARGOT G.,496,,
1040,2025-04-04 07:07:36.478965+00,3,5,Achat effectu√© sur place. Personnel tr√®s sympathique et professionnel,02/05/2022,28/04/2022,NICOLAS M.,497,,
1033,2025-04-04 07:07:36.478965+00,3,2,Tr√®s bon site avec beaucoup de r√©f√©rences seulement les d√©lais de livraison ne sont pas respect√©es ! J'ai d√ª demand√© √† ce qu'on envoie ma commande en 2 parties car un article n'√©tait plus disponible et celui-ci vient seulement de me parvenir apr√®s avoir d√ª de nouveau rappeler le service client (1 mois plus tard). Un article ne convenait pas donc j'ai renvoy√© le produit depuis 15 jours et celui-ci ne m'est toujours pas rembours√©e... Je suis bonne pour rappeler le service client qui heureusement lui est joignable facilement !,30/04/2022,15/03/2022,√âDITH D.,498,,
1057,2025-04-04 07:07:36.478965+00,3,5,Tres bien pour le site livraison au top,20/04/2022,02/04/2022,ARTHUR P.,499,,
1409,2025-04-04 07:07:36.478965+00,3,5,Livraison rapide et dans les temps,18/04/2022,02/04/2022,ANDR√âE M.,500,,
1054,2025-04-04 07:07:36.478965+00,3,5,parfait,15/04/2022,05/04/2022,C√âCILE G.,501,,
1036,2025-04-04 07:07:36.478965+00,3,5,tres bien,15/04/2022,02/04/2022,PAULINE G.,502,,
1032,2025-04-04 07:07:36.478965+00,3,4,CORRECT,15/04/2022,07/04/2022,MARTINE C.,503,,
1410,2025-04-04 07:07:36.478965+00,3,5,L'√©quipe de sport-protech est tr√®s r√©active et de tr√®s bon conseil,15/04/2022,12/04/2022,DENISE D.,504,,
1045,2025-04-04 07:07:36.478965+00,3,5,"Tr√®s bien. Bien emball√©s, les pots d‚Äôargile froide que j‚Äôai command√© sont arriv√©s en parfait √©tat (contrairement √† ma 1ere command√© faire sur un autre site) je recommande! En plus les tarifs sont int√©ressants!",14/04/2022,06/04/2022,JEAN L.,505,,
1060,2025-04-04 07:07:36.478965+00,3,4,....,14/04/2022,07/04/2022,√âTIENNE L.,506,,
1046,2025-04-04 07:07:36.478965+00,3,5,Tout s'est pass√© sans probl√®me.,14/04/2022,27/03/2022,GUY V.,507,,
1056,2025-04-04 07:07:36.478965+00,3,4,Tr√®s bon site r√©actif <br/>J‚Äôai re√ßu mon colis en 3 jours je recommande,14/04/2022,06/04/2022,MICHELLE V.,508,,
1047,2025-04-04 07:07:36.478965+00,3,5,Impeccable rien √† dire !,14/04/2022,02/04/2022,CHRISTOPHE N.,509,,
1447,2025-04-04 07:07:36.478965+00,3,5,1ere commande et tout s'est bien pass√©.<br/>Rapidit√©. Command√© mercredi apr√®s midi et livr√© au point relais le samedi Matin.,14/04/2022,06/04/2022,ALEXANDRE P.,510,,
1512,2025-04-04 07:07:36.478965+00,3,5,"Livraison en 24h, un service client parfait ! Le produit est de qualit√© et la communication avec Sport protect a √©t√© simple et claire. Merci √† toute l'√©quipe",14/04/2022,07/04/2022,CHRISTELLE B.,511,,
1062,2025-04-04 07:07:36.478965+00,3,5,"Tr√®s bon produit, je le recommande √† tous le monde maintenant",11/04/2022,06/04/2022,ADRIEN B.,512,,
1053,2025-04-04 07:07:36.478965+00,3,1,Pas re√ßu les chaussettes command√©es,11/04/2022,23/03/2022,CLAUDINE T.,513,,
1059,2025-04-04 07:07:36.478965+00,3,5,"Merci √† Yann et christopeit france pour la qualit√© des produits livr√©s et pour sa r√©activit√©, nous continuerons √† collaborer avec christopeit france.",01/04/2022,18/03/2022,HONOR√â H.,514,,
1050,2025-04-04 07:07:36.478965+00,3,5,Je recommande,18/03/2022,11/03/2022,R√âMY B.,515,,
1037,2025-04-04 07:07:36.478965+00,3,1,"J'ai command√© une boite de compresses ""Bloodstop"": commande facile et livraison rapide mais le produit envoy√© est p√©rim√© depuis plusieurs ann√©es et donc inutilisable, surtout pour un produit param√©dical.<br/>J'ai contact√© Sport-Protech pour solutionner ce probl√®me mais toujours aucune r√©ponse √† mon mail apr√®s plusieurs jours d'attente...",18/03/2022,26/02/2022,PAUL T.,516,,
1034,2025-04-04 07:07:36.478965+00,3,5,Suite a une mauvaise interpr√©tation ou une mauvaise description le probl√®me a √©t√© r√©gl√© via le service commercial rapide et efficace.,09/03/2022,24/02/2022,R√âMY P.,517,,
1051,2025-04-04 07:07:36.478965+00,3,5,Top üëçüèº,09/03/2022,26/02/2022,AUGUSTE J.,518,,
1038,2025-04-04 07:07:36.478965+00,3,5,Livraison rapide ‚Ä¶article conforme √† ma commande,09/03/2022,28/02/2022,JOSEPH J.,519,,
1479,2025-04-04 07:07:36.478965+00,3,5,top !!!!!!,09/03/2022,24/01/2022,VINCENT F.,520,,
1042,2025-04-04 07:07:36.478965+00,3,5,Site tr√®s intuitif. J'ai facilement pu trouver le produit que je souhaitais.,08/03/2022,04/03/2022,ALEXANDRIE S.,521,,
1041,2025-04-04 07:07:36.478965+00,3,5,"Site tr√®s facile √† consulter et bien achaland√©, service rapide",07/03/2022,09/02/2022,ARTHUR M.,522,,
1441,2025-04-04 07:07:36.478965+00,3,5,livraison tr√®s rapide. service impeccable et commande facile.,07/03/2022,24/02/2022,MARCELLE F.,523,,
1052,2025-04-04 07:07:36.478965+00,3,5,Produit command√©  re√ßu rapidement,06/03/2022,19/02/2022,ALAIN R.,524,,
1049,2025-04-04 07:07:36.478965+00,3,5,"Re√ßu rapidement bien emball√©, efficace en local et envelopp√© par du cellophane ce qui permet de le maintenir plus longtemps de 30minutes.",05/03/2022,27/02/2022,MADELEINE C.,525,,
1063,2025-04-04 07:07:36.478965+00,3,5,Tr√®s bien,05/03/2022,26/02/2022,VICTOR M.,526,,
1064,2025-04-04 07:07:36.478965+00,3,5,site facile et clair d'utilisation ; je recommande,04/03/2022,23/02/2022,MATHILDE R.,527,,
1044,2025-04-04 07:07:36.478965+00,3,5,"rapidit√©, efficacit√© facilit√© √† commander. Seul point n√©gatif le co√ªt du transport on√©reux pour 130 gr de produit. A revoir ce point",02/03/2022,16/02/2022,MARIANNE B.,528,,
1070,2025-04-04 07:07:36.478965+00,3,5,Accueil et conseil au top. Une enseigne qui √©coute les besoins des clients et qui ne cherchent pas √† vendre le plus ch√®re.<br/>Je recommande christopeit france.<br/>bonne continuation,02/03/2022,24/02/2022,REN√âE L.,529,,
1400,2025-04-04 07:07:36.478965+00,3,5,tr√®s bien,01/03/2022,12/02/2022,VIRGINIE C.,530,,
1077,2025-04-04 07:07:36.478965+00,3,5,Simple et efficace,28/02/2022,09/02/2022,MARTINE T.,531,,
1106,2025-04-04 07:07:36.478965+00,3,5,rien √† ajouter,28/02/2022,08/02/2022,JOSEPH D.,532,,
1074,2025-04-04 07:07:36.478965+00,3,5,Bon site bien fait,27/02/2022,12/02/2022,LOUISE M.,533,,
1091,2025-04-04 07:07:36.478965+00,3,5,"Net, clair, tr√®s efficace au t√©l√©phone. Livraison pas de probl√®me. et de plus un prix raisonnable.",25/02/2022,18/02/2022,VALENTINE F.,534,,
1099,2025-04-04 07:07:36.478965+00,3,5,Tout est parfait,24/02/2022,13/02/2022,REN√â M.,535,,
1076,2025-04-04 07:07:36.478965+00,3,4,Bien emball√©es ! Merci,24/02/2022,04/02/2022,CHRISTINE R.,536,,
1090,2025-04-04 07:07:36.478965+00,3,5,Bon site. R√©ponse rapide aux mails.,23/02/2022,07/02/2022,GILBERT T.,537,,
1403,2025-04-04 07:07:36.478965+00,3,5,super disponible et √†l'√©coute,23/02/2022,31/12/2021,CHARLES G.,538,,
1089,2025-04-04 07:07:36.478965+00,3,5,"Choix, rapidit√©,envoi rapide et soign√© , je recommande.",22/02/2022,02/02/2022,BERTRAND D.,539,,
1088,2025-04-04 07:07:36.478965+00,3,5,ravis du service,22/02/2022,02/01/2022,MAGGIE R.,540,,
1080,2025-04-04 07:07:36.478965+00,3,4,"Tr√®s bon maintien, le seul point n√©gatif, est sur le tendon d'Achille elle frotte un peut et fait des ampoules",22/02/2022,14/01/2022,HUGUES R.,541,,
1086,2025-04-04 07:07:36.478965+00,3,5,Tr√®s bon site rien a dire,22/02/2022,14/02/2022,IN√àS P.,542,,
1096,2025-04-04 07:07:36.478965+00,3,5,Tr√®s bien<br/>Rapide et efficace,22/02/2022,16/02/2022,AD√âLA√èDE P.,543,,
1092,2025-04-04 07:07:36.478965+00,3,5,Tr√®s bien. Aucun soucis.,22/02/2022,04/01/2022,GR√âGOIRE S.,544,,
1097,2025-04-04 07:07:36.478965+00,3,5,Tr√®s bon site et le le personnel n'h√©site pas √† appeler s'il y a un doute sur la commande.<br/>Vraiment ravie de mon exp√©rience.,22/02/2022,20/12/2021,CONSTANCE B.,545,,
1450,2025-04-04 07:07:36.478965+00,3,5,Super !,22/02/2022,06/01/2022,REN√â N.,546,,
1411,2025-04-04 07:07:36.478965+00,3,1,....,22/02/2022,02/02/2022,ANTOINE B.,547,,
1398,2025-04-04 07:07:36.478965+00,3,3,RAS sur le produit command√©. Le d√©lai de livraison m'a dissuad√© pour une prochaine commande.,22/02/2022,16/01/2022,NO√ãL R.,548,,
1453,2025-04-04 07:07:36.478965+00,3,5,L‚Äôenvoi de la commande a √©t√© rapide.,22/02/2022,02/01/2022,PATRICK R.,549,,
1073,2025-04-04 07:07:36.478965+00,3,5,"Bonne pr√©sentation,  lisible",15/02/2022,02/02/2022,LAURENCE G.,550,,
1392,2025-04-04 07:07:36.478965+00,3,5,"Je suis pass√© par le magasin situ√© √† Serezin sur Rh√¥ne, pour pouvoir essayer, car on a pas tou-te-s des tailles ""mannequins"".  Tr√®s tr√®s bon accueil",15/02/2022,09/02/2022,AGATHE M.,551,,
1093,2025-04-04 07:07:36.478965+00,3,4,bon service,12/02/2022,31/12/2021,MAURICE B.,552,,
1103,2025-04-04 07:07:36.478965+00,3,4,"site clair, livraison dans les temps",12/02/2022,26/12/2021,GABRIEL R.,553,,
1433,2025-04-04 07:07:36.478965+00,3,5,Tr√®s bon service. Simple et rapide.,12/02/2022,12/01/2022,CORINNE M.,554,,
1434,2025-04-04 07:07:36.478965+00,3,4,Un peu lent au d√©marrage. Il a fallu trois jours avant que la commande ne parte....,12/02/2022,21/12/2021,CAPUCINE M.,555,,
1098,2025-04-04 07:07:36.478965+00,3,5,"D√©taill√©, pr√©cis.",11/02/2022,19/12/2021,HUGUES C.,556,,
1082,2025-04-04 07:07:36.478965+00,3,5,RAS au top,11/02/2022,28/12/2021,RICHARD L.,557,,
1107,2025-04-04 07:07:36.478965+00,3,5,tr√®s bien,11/02/2022,28/01/2022,MICHELLE B.,558,,
1108,2025-04-04 07:07:36.478965+00,3,5,"Super site , je recommande",11/02/2022,29/12/2021,EMMANUELLE C.,559,,
1452,2025-04-04 07:07:36.478965+00,3,5,Livraison en temps et qualit√©,11/02/2022,10/01/2022,OLIVIER D.,560,,
1419,2025-04-04 07:07:36.478965+00,3,5,"Exp√©dition et livraison super rapide, accueil merveilleux, service apr√®s vente efficace. Que demander de plus!<br/>Je recommande +++",11/02/2022,28/01/2022,AM√âLIE H.,561,,
1439,2025-04-04 07:07:36.478965+00,3,4,Il n‚Äôexiste rien pour la main sinon tout est parfait,11/02/2022,27/01/2022,TIMOTH√âE M.,562,,
1079,2025-04-04 07:07:36.478965+00,3,5,Tr√®s bien <br/>Un jour entre la commande et la livraison <br/>√Ä renouveler en cas de besoin,10/02/2022,07/01/2022,S√âBASTIEN R.,563,,
1085,2025-04-04 07:07:36.478965+00,3,5,Vraiment top !!! <br/>Je recommande sans h√©sitation,06/02/2022,26/01/2022,THIBAULT P.,564,,
1081,2025-04-04 07:07:36.478965+00,3,5,"√âquipe r√©active, avec une tr√®s bonne connaissance de leurs produits, vous pouvez aller les vieux ferm√©s.",06/02/2022,04/01/2022,MAURICE G.,565,,
1072,2025-04-04 07:07:36.478965+00,3,5,Livraison tr√®s rapide et tr√®s soign√©e! <br/>Et d‚Äôexcellentes promos,06/02/2022,14/12/2021,CHARLES C.,566,,
1389,2025-04-04 07:07:36.478965+00,3,5,tr√®s bien,06/02/2022,27/01/2022,CHRISTIANE R.,567,,
1094,2025-04-04 07:07:36.478965+00,3,4,Top facile d‚Äôutilisation,29/01/2022,18/01/2022,R√âMY R.,568,,
1083,2025-04-04 07:07:36.478965+00,3,5,Parfait !,29/01/2022,22/01/2022,√âLISE T.,569,,
1435,2025-04-04 07:07:36.478965+00,3,5,Commande re√ßue tr√®s rapidement,29/01/2022,09/01/2022,OC√âANE L.,570,,
1440,2025-04-04 07:07:36.478965+00,3,5,site tr√®s clair; explications pr√©cise sur le produit,29/01/2022,18/01/2022,THOMAS P.,571,,
1095,2025-04-04 07:07:36.478965+00,3,2,Je suis toujours en attente de la mallette et aucunes nouvelles‚Ä¶ √ßa commence √† √™tre long!,08/01/2022,09/11/2021,HENRI C.,572,,
1084,2025-04-04 07:07:36.478965+00,3,3,"Un article command√©e, avec disponibilit√© sur leur site, non arriv√©e, rupture de stock. Si non, le reste de ma commande, Ras, bien.",06/01/2022,20/12/2021,PIERRE R.,573,,
1066,2025-04-04 07:07:36.478965+00,3,5,rien de n√©gatif √† dire,06/01/2022,06/12/2021,PAUL M.,574,,
1078,2025-04-04 07:07:36.478965+00,3,5,Commande re√ßue tr√®s rapidement et conforme.,06/01/2022,07/12/2021,JULIEN M.,575,,
1075,2025-04-04 07:07:36.478965+00,3,4,Tr√®s clair,06/01/2022,18/12/2021,REN√â G.,576,,
1100,2025-04-04 07:07:36.478965+00,3,3,Le d√©lais de livraison a √©t√© particuli√®rement long.,06/01/2022,01/12/2021,REN√â A.,577,,
1071,2025-04-04 07:07:36.478965+00,3,4,Satisfaite,06/01/2022,21/12/2021,WILLIAM G.,578,,
1101,2025-04-04 07:07:36.478965+00,3,5,Parfait,06/01/2022,08/12/2021,DANIEL B.,579,,
1087,2025-04-04 07:07:36.478965+00,3,5,Tr√®s rapide pour avoir re√ßu ma commande √† temps,06/01/2022,04/12/2021,GILLES R.,580,,
1102,2025-04-04 07:07:36.478965+00,3,5,Colis re√ßu dans le temps indiqu√© et bien emball√©. Donc fournisseur s√©rieux. Je recommande,06/01/2022,09/12/2021,CHRISTIANE G.,581,,
1104,2025-04-04 07:07:36.478965+00,3,5,Parfait. R√©activit√© au top et livraison tr√®s rapide.,06/01/2022,18/12/2021,FR√âD√âRIC L.,582,,
1105,2025-04-04 07:07:36.478965+00,3,5,R√©ponse au question dans la journ√©e. Exp√©dition rapide et produit conforme.,06/01/2022,03/12/2021,MARGAUX B.,583,,
1130,2025-04-04 07:07:36.478965+00,3,4,Produit conforme,06/01/2022,30/11/2021,LAURE B.,584,,
1139,2025-04-04 07:07:36.478965+00,3,5,"Tr√®s pro. √Ä l √©coute, envoi rapide, produit comme souhait√©",30/12/2021,13/12/2021,EMMANUEL H.,585,,
1144,2025-04-04 07:07:36.478965+00,3,5,R√©ception rapide. Produit conforme.,30/12/2021,15/12/2021,EUG√àNE M.,586,,
1116,2025-04-04 07:07:36.478965+00,3,5,Professionnel,30/12/2021,02/12/2021,ANNE R.,587,,
1136,2025-04-04 07:07:36.478965+00,3,5,Efficacit√© choix,30/12/2021,18/12/2021,AUR√âLIE B.,588,,
1127,2025-04-04 07:07:36.478965+00,3,5,R √Ä S. üëç,30/12/2021,07/12/2021,√âL√âONORE D.,589,,
1142,2025-04-04 07:07:36.478965+00,3,5,Bien,30/12/2021,26/12/2021,√âRIC F.,590,,
1147,2025-04-04 07:07:36.478965+00,3,5,Livraison bien arriv√©e avant No√´l merci,30/12/2021,05/12/2021,ALPHONSE B.,591,,
1148,2025-04-04 07:07:36.478965+00,3,5,Bien,30/12/2021,12/12/2021,ARNAUDE P.,592,,
1153,2025-04-04 07:07:36.478965+00,3,5,"Produit intact, d√©lais respect√©, je conseille fortement !",30/12/2021,15/12/2021,DANIEL G.,593,,
1132,2025-04-04 07:07:36.478965+00,3,5,"service Client au top, ils m'ont contact√©e pour me pr√©venir d'une rupture de stock de ma commande et pour me proposer un autre article ... et le tout avec gentillesse et pr√©venance.Et je vous passe la facilit√© et la rapidit√© pour √©changer la taille! Merci √† toute l'√©quipe",27/12/2021,04/12/2021,JEAN D.,594,,
1123,2025-04-04 07:07:36.478965+00,3,5,"Facile, efficace <br/>Tr√®s bon site, des produits de qualit√© et de tr√®s bon conseil",27/12/2021,03/12/2021,CHRISTINE M.,595,,
1438,2025-04-04 07:07:36.478965+00,3,5,....,27/12/2021,27/11/2021,ALEXANDRE C.,596,,
1112,2025-04-04 07:07:36.478965+00,3,5,Livraison rapide et produit conforme √† mes attentes.,26/12/2021,08/12/2021,JEANNINE R.,597,,
1129,2025-04-04 07:07:36.478965+00,3,5,"Site internet intuitif, livraison tr√®s rapide, rien √† redire. Je recommande !",19/12/2021,13/12/2021,G√âRARD M.,598,,
1145,2025-04-04 07:07:36.478965+00,3,4,Satisfaite,19/12/2021,03/10/2021,XAVIER S.,599,,
1146,2025-04-04 07:07:36.478965+00,3,3,Trop de temps,19/12/2021,28/11/2021,SUZANNE D.,600,,
1120,2025-04-04 07:07:36.478965+00,3,5,"travail s√©rieux personnel au  ""top"" rapidit√© de livraison<br/>qualit√©   des chaussettes  parfaite",12/12/2021,02/11/2021,PATRICIA R.,601,,
1150,2025-04-04 07:07:36.478965+00,3,5,Navigation tr√®s fluide,12/12/2021,27/09/2021,L√âON R.,602,,
1141,2025-04-04 07:07:36.478965+00,3,5,Toujours fid√®le √† ce site.,12/12/2021,03/10/2021,NATHALIE B.,603,,
1152,2025-04-04 07:07:36.478965+00,3,5,Livraison dans les temps.,11/12/2021,28/11/2021,EUG√àNE C.,604,,
1131,2025-04-04 07:07:36.478965+00,3,5,Correspond √† ma demande. Livraison respect√©e et produit de qualit√©.,09/12/2021,04/10/2021,XAVIER M.,605,,
1117,2025-04-04 07:07:36.478965+00,3,5,Toujours √©t√© satisfait pour tous mes achats,09/12/2021,24/11/2021,PHILIPPE B.,606,,
1418,2025-04-04 07:07:36.478965+00,3,5,Tr√®s rapide,09/12/2021,22/11/2021,CLAUDE R.,607,,
1460,2025-04-04 07:07:36.478965+00,3,4,"Bonjour, aucun probl√®me pour commander sur le site, Seul probl√®me c'est que la taille que j'ai command√© √©tait √©crit comme disponible mais en r√©alit√© ne l'√©tait pas. Le service apr√®s vente m'a appel√© et m'a fournir une autre pi√®ce dans les 24h. Rapide et efficace rien a redire.",09/12/2021,21/11/2021,ISABELLE L.,608,,
1119,2025-04-04 07:07:36.478965+00,3,5,tout a √©t√© ok. tr√®s bien.,08/12/2021,10/10/2021,ZO√â D.,609,,
1110,2025-04-04 07:07:36.478965+00,3,5,Livraison rapide bon produit prix correct,08/12/2021,25/10/2021,NATHALIE J.,610,,
1135,2025-04-04 07:07:36.478965+00,3,5,"Rapide , efficacit√© et bon prix",08/12/2021,27/09/2021,DAVID L.,611,,
1140,2025-04-04 07:07:36.478965+00,3,5,Bien,08/12/2021,09/11/2021,FRANCK P.,612,,
1126,2025-04-04 07:07:36.478965+00,3,5,Envoi rapide et produit efficace... Un petit hic quand m√™me au niveau de la qualit√© du tissu utilis√© pour la fabrication du produit... Assez fragile,08/12/2021,28/09/2021,SUZANNE D.,613,,
1113,2025-04-04 07:07:36.478965+00,3,4,"Site bien structurer, recherche de produits facile",08/12/2021,30/09/2021,SUZANNE T.,614,,
1138,2025-04-04 07:07:36.478965+00,3,4,Rapide et efficace,08/12/2021,21/10/2021,C√âCILE F.,615,,
1484,2025-04-04 07:07:36.478965+00,3,4,üëçüëçüëçüëç,08/12/2021,29/09/2021,GEORGES G.,616,,
1114,2025-04-04 07:07:36.478965+00,3,5,Livraison tr√®s rapide,07/12/2021,16/11/2021,CAROLINE D.,617,,
1134,2025-04-04 07:07:36.478965+00,3,5,Livr√© en temps et en heure comme chaque article command√© chez vous,07/12/2021,23/11/2021,FRAN√áOISE B.,618,,
1149,2025-04-04 07:07:36.478965+00,3,5,Tr√®s bien.,07/12/2021,16/11/2021,NATH D.,619,,
1125,2025-04-04 07:07:36.478965+00,3,5,Tr√®s bien,07/12/2021,25/11/2021,AUGUSTE D.,620,,
1111,2025-04-04 07:07:36.478965+00,3,5,"A la diff√©rence des grandes marketplaces, Ils sont d‚Äôexcellents conseils et d‚Äôune grande disponibilit√©. De plus, leurs produits sont vraiment de tr√®s bonnes qualit√©s",07/12/2021,26/10/2021,COLETTE G.,621,,
1121,2025-04-04 07:07:36.478965+00,3,5,Excellent.,07/12/2021,29/11/2021,ROGER D.,622,,
1151,2025-04-04 07:07:36.478965+00,3,5,Commande livr√©e rapidement. Rien √† redire. Malheureusement je ne pourrais tester le produit qu'apr√®s No√´l.,07/12/2021,27/11/2021,FR√âD√âRIQUE V.,623,,
1143,2025-04-04 07:07:36.478965+00,3,5,Rapide et prix plus que correct,07/12/2021,19/11/2021,ANA√èS M.,624,,
1426,2025-04-04 07:07:36.478965+00,3,5,"Prix comp√©titif, Envoi rapide",07/12/2021,29/11/2021,C√âCILE C.,625,,
1480,2025-04-04 07:07:36.478965+00,3,2,Des erreurs de pr√©parations sur les 2 envois. Le service commercial a √©t√© joignable rapidement et leurs interventions rapide. les envois de remplacement et de retour a √©t√© rapide. dommage que les erreurs de pr√©parations g√¢chent cette 1ere exp√©rience.,07/12/2021,19/11/2021,MATHILDE B.,626,,
1118,2025-04-04 07:07:36.478965+00,3,5,Excellent,30/11/2021,16/10/2021,CHRISTINE L.,627,,
1128,2025-04-04 07:07:36.478965+00,3,4,Site peu pr√©cis,30/11/2021,24/10/2021,CAPUCINE H.,628,,
1133,2025-04-04 07:07:36.478965+00,3,5,tr√®s bon interlocuteur au tel,30/11/2021,23/11/2021,DAVID L.,629,,
1124,2025-04-04 07:07:36.478965+00,3,5,Parfait et tr√®s r√©actif,26/11/2021,12/10/2021,AM√âLIE C.,630,,
1174,2025-04-04 07:07:36.478965+00,3,5,"parfait pour ma pole dance , service rapide merci",26/11/2021,20/10/2021,MARCEL D.,631,,
1179,2025-04-04 07:07:36.478965+00,3,5,"Site tr√®s bien fait ,, livraison rapide produits bien emball√© je recommande cette entreprise",26/11/2021,09/11/2021,LAURENT C.,632,,
1170,2025-04-04 07:07:36.478965+00,3,5,Service client r√©actif - petit retard sur commande qui a √©t√© vite solutionn√©.,26/11/2021,15/10/2021,HUGUES P.,633,,
1115,2025-04-04 07:07:36.478965+00,3,4,Arriver et conforme √† ce que je souhaitais,26/11/2021,25/10/2021,RAYMOND G.,634,,
1122,2025-04-04 07:07:36.478965+00,3,4,Correspond aux d√©tails annonc√©s. Livraison rapide mais un peu ch√®re,26/11/2021,17/10/2021,SUZANNE B.,635,,
1137,2025-04-04 07:07:36.478965+00,3,5,Site s√©rieux et rapide,26/11/2021,19/10/2021,ADRIEN A.,636,,
1172,2025-04-04 07:07:36.478965+00,3,5,"Super, rapide, s√©rieux, produit excellent correspondant √† la perfection au descriptif, je recommande",26/11/2021,14/11/2021,CHRISTELLE M.,637,,
1192,2025-04-04 07:07:36.478965+00,3,5,Tr√®s confortable,26/11/2021,06/11/2021,ANDR√âE R.,638,,
1173,2025-04-04 07:07:36.478965+00,3,4,Bien bon produits,26/11/2021,06/11/2021,CLAUDINE P.,639,,
1183,2025-04-04 07:07:36.478965+00,3,3,Livraison rapide mais en attente de r√©ponse concernant un d√©faut produit,26/11/2021,10/11/2021,√âDOUARD H.,640,,
1188,2025-04-04 07:07:36.478965+00,3,5,"Commande parfaite, produits conformes et livraison rapide",26/11/2021,10/11/2021,GEORGES C.,641,,
1420,2025-04-04 07:07:36.478965+00,3,4,Exp√©dition et r√©exp√©dition rapide. Parfait. Le retour gratuit aurait √©t√© un plus.,26/11/2021,29/10/2021,LAURE G.,642,,
1401,2025-04-04 07:07:36.478965+00,3,5,"Commande re√ßue dans les d√©lais,  parfait !",26/11/2021,23/10/2021,ALEXANDRIA H.,643,,
1421,2025-04-04 07:07:36.478965+00,3,5,Super choix,26/11/2021,01/11/2021,LUC C.,644,,
1458,2025-04-04 07:07:36.478965+00,3,5,Au top,26/11/2021,22/10/2021,ROBERT M.,645,,
1476,2025-04-04 07:07:36.478965+00,3,5,aucun soucis; livraison dans les d√©lais,26/11/2021,16/10/2021,SABINE M.,646,,
1472,2025-04-04 07:07:36.478965+00,3,5,"Tr√®s bon produit, je suis gardien de but football, je l'utilise depuis 3 semaines en entra√Ænement et en match et je ne ressent plus de douleur ou de g√™ne pendant, je recommandeüòâüëå",26/11/2021,01/11/2021,C√âLINA M.,647,,
1181,2025-04-04 07:07:36.478965+00,3,5,Impec,19/11/2021,07/11/2021,ROBERT H.,648,,
1189,2025-04-04 07:07:36.478965+00,3,5,tr√®s bien,02/11/2021,29/10/2021,GILLES D.,649,,
1193,2025-04-04 07:07:36.478965+00,3,5,Tr√®s convivial  üëç,28/10/2021,21/10/2021,CHRISTELLE M.,650,,
1190,2025-04-04 07:07:36.478965+00,3,3,Avis moyen car retard important sans informations,24/10/2021,18/09/2021,ALEXANDRE B.,651,,
1187,2025-04-04 07:07:36.478965+00,3,5,Conforme √† nos attentes,24/10/2021,15/10/2021,ALEXANDRE S.,652,,
1191,2025-04-04 07:07:36.478965+00,3,5,Rapide et efficace. Bon produits.,14/10/2021,27/08/2021,LAURE L.,653,,
1473,2025-04-04 07:07:36.478965+00,3,5,....,14/10/2021,01/10/2021,GUY A.,654,,
1178,2025-04-04 07:07:36.478965+00,3,5,Super accueil et tr√®s bons conseils,13/10/2021,11/10/2021,FRANCK L.,655,,
1176,2025-04-04 07:07:36.478965+00,3,5,"Accueil tr√®s pro, je recommande",11/10/2021,08/10/2021,ALIX R.,656,,
1184,2025-04-04 07:07:36.478965+00,3,5,Parfait ! Rapidit√© de livraison et produit correspondant parfaitement √† mes attentes.,09/10/2021,01/09/2021,REN√âE G.,657,,
1185,2025-04-04 07:07:36.478965+00,3,5,Bon choix de produits et produits de tres bonne qualit√©. Commande rapidement exp√©di√©e.,09/10/2021,03/09/2021,DOMINIQUE D.,658,,
1186,2025-04-04 07:07:36.478965+00,3,5,Conseils t√©l√©phonique top.<br/>Achat re√ßu rapide. <br/>Pas encore essay√© le matos mais happy,09/10/2021,24/09/2021,FRAN√áOIS J.,659,,
1415,2025-04-04 07:07:36.478965+00,3,5,Colis livr√© dans les temps.,09/10/2021,02/09/2021,H√âL√àNE G.,660,,
1457,2025-04-04 07:07:36.478965+00,3,1,J‚Äôai commander un sous short noir <br/>Je l‚Äôai re√ßu en blanc,09/10/2021,16/09/2021,AM√âLIE H.,661,,
1475,2025-04-04 07:07:36.478965+00,3,5,Tout √©tait tr√®s bien,09/10/2021,28/08/2021,EMMANUEL G.,662,,
1471,2025-04-04 07:07:36.478965+00,3,5,Livraison rapide,09/10/2021,13/09/2021,LAURENT N.,663,,
1477,2025-04-04 07:07:36.478965+00,3,5,"Website is easy to navigate, product visible & easy to find. Easy to order & to track!  Shipping was fast. Will definitely use again",09/10/2021,23/09/2021,AUGUSTIN F.,664,,
1478,2025-04-04 07:07:36.478965+00,3,5,Tr√®s bon accueil √©quipe tr√®s disponible et √† l‚Äô√©coute,09/10/2021,05/10/2021,AUGUSTIN D.,665,,
1175,2025-04-04 07:07:36.478965+00,3,5,Site au top,01/10/2021,12/09/2021,ROBERT D.,666,,
1180,2025-04-04 07:07:36.478965+00,3,5,Produit conforme √† la description. Exp√©dition rapide.,01/10/2021,08/09/2021,JEANNE S.,667,,
1177,2025-04-04 07:07:36.478965+00,3,5,Top super,01/10/2021,31/08/2021,CONSTANCE J.,668,,
1182,2025-04-04 07:07:36.478965+00,3,5,"Colis re√ßu conforme, exp√©dition rapide",01/10/2021,27/08/2021,√âMILE A.,669,,
1168,2025-04-04 07:07:36.478965+00,3,5,Parfait,01/10/2021,14/09/2021,GUILLAUME L.,670,,
1391,2025-04-04 07:07:36.478965+00,3,5,NA...,01/10/2021,21/09/2021,MARTINE T.,671,,
1427,2025-04-04 07:07:36.478965+00,3,4,Rien de particulier √† signaler,01/10/2021,06/09/2021,HORTENSE M.,672,,
1520,2025-05-31 11:47:03.771982+00,3,5,"J'avais des doutes avant l'achat, mais apr√®s 6 mois d'utilisation intensive (4-5 fois par semaine), l'halt√®re tient parfaitement la route. Le m√©canisme de r√©glage est fluide et s√©curis√©. Le caoutchouc prot√®ge bien mes sols et √©vite le bruit. Je recommande vivement, c'est un investissement rentable pour la maison.",22/05/2025,14/10/2024,Thomas R,,69813,
